iso3c,country,year,indicator,value
CHN,China,1995,NE.TRD.GNFS.ZS,34.1049521589323
CHN,China,1995,NY.GDP.MKTP.CD,738190896227.55
CHN,China,1995,NE.EXP.GNFS.ZS,17.8624291729756
CHN,China,1995,NE.IMP.GNFS.ZS,16.2425229859567
CHN,China,1996,NE.TRD.GNFS.ZS,33.6287512313005
CHN,China,1996,NY.GDP.MKTP.CD,868523936530.083
CHN,China,1996,NE.EXP.GNFS.ZS,17.8247104643429
CHN,China,1996,NE.IMP.GNFS.ZS,15.8040407669576
CHN,China,1997,NE.TRD.GNFS.ZS,34.3135763220021
CHN,China,1997,NY.GDP.MKTP.CD,967753570434.667
CHN,China,1997,NE.EXP.GNFS.ZS,19.3692945938508
CHN,China,1997,NE.IMP.GNFS.ZS,14.9442817281513
CHN,China,1998,NE.TRD.GNFS.ZS,32.1717399357488
CHN,China,1998,NY.GDP.MKTP.CD,1037134141760.35
CHN,China,1998,NE.EXP.GNFS.ZS,18.1992267514817
CHN,China,1998,NE.IMP.GNFS.ZS,13.9725131842671
CHN,China,1999,NE.TRD.GNFS.ZS,33.2255380760054
CHN,China,1999,NY.GDP.MKTP.CD,1103843203575.64
CHN,China,1999,NE.EXP.GNFS.ZS,18.0006905864312
CHN,China,1999,NE.IMP.GNFS.ZS,15.2248474895742
CHN,China,2000,NE.TRD.GNFS.ZS,39.0109424774998
CHN,China,2000,NY.GDP.MKTP.CD,1223754919971.05
CHN,China,2000,NE.EXP.GNFS.ZS,20.681599363293
CHN,China,2000,NE.IMP.GNFS.ZS,18.3293431142068
CHN,China,2001,NE.TRD.GNFS.ZS,38.0826469518334
CHN,China,2001,NY.GDP.MKTP.CD,1355036590251.52
CHN,China,2001,NE.EXP.GNFS.ZS,20.0776873829946
CHN,China,2001,NE.IMP.GNFS.ZS,18.0049595688389
CHN,China,2002,NE.TRD.GNFS.ZS,42.1944423387413
CHN,China,2002,NY.GDP.MKTP.CD,1489821682050.54
CHN,China,2002,NE.EXP.GNFS.ZS,22.3518233715808
CHN,China,2002,NE.IMP.GNFS.ZS,19.8426189671605
CHN,China,2003,NE.TRD.GNFS.ZS,51.0774801301803
CHN,China,2003,NY.GDP.MKTP.CD,1683903309843.85
CHN,China,2003,NE.EXP.GNFS.ZS,26.6023738514511
CHN,China,2003,NE.IMP.GNFS.ZS,24.4751062787292
CHN,China,2004,NE.TRD.GNFS.ZS,58.640334040843904
CHN,China,2004,NY.GDP.MKTP.CD,1984196551300.44
CHN,China,2004,NE.EXP.GNFS.ZS,30.6097162464404
CHN,China,2004,NE.IMP.GNFS.ZS,28.0306177944035
CHN,China,2005,NE.TRD.GNFS.ZS,61.3600749408237
CHN,China,2005,NY.GDP.MKTP.CD,2317551298052.05
CHN,China,2005,NE.EXP.GNFS.ZS,33.3687977498922
CHN,China,2005,NE.IMP.GNFS.ZS,27.9912771909315
CHN,China,2006,NE.TRD.GNFS.ZS,63.5695798621627
CHN,China,2006,NY.GDP.MKTP.CD,2791498472804.33
CHN,China,2006,NE.EXP.GNFS.ZS,35.5268468681701
CHN,China,2006,NE.IMP.GNFS.ZS,28.0427329939926
CHN,China,2007,NE.TRD.GNFS.ZS,61.2664640006176
CHN,China,2007,NY.GDP.MKTP.CD,3604055822571.63
CHN,China,2007,NE.EXP.GNFS.ZS,34.9066956194649
CHN,China,2007,NE.IMP.GNFS.ZS,26.3597683811527
CHN,China,2008,NE.TRD.GNFS.ZS,56.7111330003209
CHN,China,2008,NY.GDP.MKTP.CD,4667346414521.95
CHN,China,2008,NE.EXP.GNFS.ZS,32.092513602143
CHN,China,2008,NE.IMP.GNFS.ZS,24.6186193981779
CHN,China,2009,NE.TRD.GNFS.ZS,44.4197644331119
CHN,China,2009,NY.GDP.MKTP.CD,5189577094997.58
CHN,China,2009,NE.EXP.GNFS.ZS,24.3307718125403
CHN,China,2009,NE.IMP.GNFS.ZS,20.0889926205716
CHN,China,2010,NE.TRD.GNFS.ZS,49.8540722338977
CHN,China,2010,NY.GDP.MKTP.CD,6192564874453.29
CHN,China,2010,NE.EXP.GNFS.ZS,26.7227451502469
CHN,China,2010,NE.IMP.GNFS.ZS,23.1313270836509
CHN,China,2011,NE.TRD.GNFS.ZS,49.9458272253643
CHN,China,2011,NY.GDP.MKTP.CD,7671757207851.29
CHN,China,2011,NE.EXP.GNFS.ZS,26.1518828948759
CHN,China,2011,NE.IMP.GNFS.ZS,23.7939443304884
CHN,China,2012,NE.TRD.GNFS.ZS,47.4802130784317
CHN,China,2012,NY.GDP.MKTP.CD,8673664713189.24
CHN,China,2012,NE.EXP.GNFS.ZS,25.07670432956
CHN,China,2012,NE.IMP.GNFS.ZS,22.4035087488717
CHN,China,2013,NE.TRD.GNFS.ZS,45.9160413795571
CHN,China,2013,NY.GDP.MKTP.CD,9743124247267.24
CHN,China,2013,NE.EXP.GNFS.ZS,24.1633430905854
CHN,China,2013,NE.IMP.GNFS.ZS,21.7526982889717
CHN,China,2014,NE.TRD.GNFS.ZS,44.0684564812532
CHN,China,2014,NY.GDP.MKTP.CD,10674533168257.4
CHN,China,2014,NE.EXP.GNFS.ZS,23.0719766947263
CHN,China,2014,NE.IMP.GNFS.ZS,20.9964797865269
CHN,China,2015,NE.TRD.GNFS.ZS,38.6971848362625
CHN,China,2015,NY.GDP.MKTP.CD,11280814787468.9
CHN,China,2015,NE.EXP.GNFS.ZS,20.9390642234326
CHN,China,2015,NE.IMP.GNFS.ZS,17.7581206128298
CHN,China,2016,NE.TRD.GNFS.ZS,36.177170692978
CHN,China,2016,NY.GDP.MKTP.CD,11456024084962
CHN,China,2016,NE.EXP.GNFS.ZS,19.2036507365412
CHN,China,2016,NE.IMP.GNFS.ZS,16.9735199564368
CHN,China,2017,NE.TRD.GNFS.ZS,36.95085261586
CHN,China,2017,NY.GDP.MKTP.CD,12537559062282.9
CHN,China,2017,NE.EXP.GNFS.ZS,19.3356301657728
CHN,China,2017,NE.IMP.GNFS.ZS,17.6152224500872
CHN,China,2018,NE.TRD.GNFS.ZS,36.8943843914718
CHN,China,2018,NY.GDP.MKTP.CD,14147765772963.8
CHN,China,2018,NE.EXP.GNFS.ZS,18.770519802938
CHN,China,2018,NE.IMP.GNFS.ZS,18.1238645885338
CHN,China,2019,NE.TRD.GNFS.ZS,35.4544350281407
CHN,China,2019,NY.GDP.MKTP.CD,14560167101283.4
CHN,China,2019,NE.EXP.GNFS.ZS,18.1398222864053
CHN,China,2019,NE.IMP.GNFS.ZS,17.3146127417354
CHN,China,2020,NE.TRD.GNFS.ZS,34.337778473884
CHN,China,2020,NY.GDP.MKTP.CD,14996414166715.1
CHN,China,2020,NE.EXP.GNFS.ZS,18.2696013805051
CHN,China,2020,NE.IMP.GNFS.ZS,16.0681770933789
CHN,China,2021,NE.TRD.GNFS.ZS,36.6428789643754
CHN,China,2021,NY.GDP.MKTP.CD,18201698719564
CHN,China,2021,NE.EXP.GNFS.ZS,19.4350556514909
CHN,China,2021,NE.IMP.GNFS.ZS,17.2078233128845
CHN,China,2022,NE.TRD.GNFS.ZS,37.512555678171
CHN,China,2022,NY.GDP.MKTP.CD,18316765021690.2
CHN,China,2022,NE.EXP.GNFS.ZS,20.227756033041
CHN,China,2022,NE.IMP.GNFS.ZS,17.28479964513
CHN,China,2023,NE.TRD.GNFS.ZS,36.7391496938394
CHN,China,2023,NY.GDP.MKTP.CD,18270356654533.2
CHN,China,2023,NE.EXP.GNFS.ZS,19.4023091648376
CHN,China,2023,NE.IMP.GNFS.ZS,17.3368405290018
CHN,China,2024,NE.TRD.GNFS.ZS,37.9560601372544
CHN,China,2024,NY.GDP.MKTP.CD,18729668435848
CHN,China,2024,NE.EXP.GNFS.ZS,20.4428283665891
CHN,China,2024,NE.IMP.GNFS.ZS,17.5132317706653
CHN,China,2025,NE.TRD.GNFS.ZS,37.9563878652312
CHN,China,2025,NY.GDP.MKTP.CD,19498039388042.6
CHN,China,2025,NE.EXP.GNFS.ZS,21.0711983566772
CHN,China,2025,NE.IMP.GNFS.ZS,16.8851895085539
EUU,European Union,1995,NE.TRD.GNFS.ZS,57.0668787743219
EUU,European Union,1995,NY.GDP.MKTP.CD,8292479629104.28
EUU,European Union,1995,NE.EXP.GNFS.ZS,28.3225426619228
EUU,European Union,1995,NE.IMP.GNFS.ZS,26.581346253404
EUU,European Union,1996,NE.TRD.GNFS.ZS,57.8181211887127
EUU,European Union,1996,NY.GDP.MKTP.CD,8427282888819.22
EUU,European Union,1996,NE.EXP.GNFS.ZS,28.6560898426167
EUU,European Union,1996,NE.IMP.GNFS.ZS,26.7514495355429
EUU,European Union,1997,NE.TRD.GNFS.ZS,61.9223710621903
EUU,European Union,1997,NY.GDP.MKTP.CD,7730067215825.26
EUU,European Union,1997,NE.EXP.GNFS.ZS,30.9387982784542
EUU,European Union,1997,NE.IMP.GNFS.ZS,28.7330928075401
EUU,European Union,1998,NE.TRD.GNFS.ZS,63.2476873528377
EUU,European Union,1998,NY.GDP.MKTP.CD,7963038897258
EUU,European Union,1998,NE.EXP.GNFS.ZS,31.5451414417978
EUU,European Union,1998,NE.IMP.GNFS.ZS,29.6655182187014
EUU,European Union,1999,NE.TRD.GNFS.ZS,64.0297678859015
EUU,European Union,1999,NY.GDP.MKTP.CD,7926425566614.07
EUU,European Union,1999,NE.EXP.GNFS.ZS,31.8609755644578
EUU,European Union,1999,NE.IMP.GNFS.ZS,30.4491990539032
EUU,European Union,2000,NE.TRD.GNFS.ZS,71.5705308027643
EUU,European Union,2000,NY.GDP.MKTP.CD,7279892216791.94
EUU,European Union,2000,NE.EXP.GNFS.ZS,35.5739384346551
EUU,European Union,2000,NE.IMP.GNFS.ZS,34.6770073781187
EUU,European Union,2001,NE.TRD.GNFS.ZS,70.729960303726
EUU,European Union,2001,NY.GDP.MKTP.CD,7398267811404.69
EUU,European Union,2001,NE.EXP.GNFS.ZS,35.5303421019999
EUU,European Union,2001,NE.IMP.GNFS.ZS,33.9660716078462
EUU,European Union,2002,NE.TRD.GNFS.ZS,68.4361597036627
EUU,European Union,2002,NY.GDP.MKTP.CD,8089955515956.84
EUU,European Union,2002,NE.EXP.GNFS.ZS,34.9094927340675
EUU,European Union,2002,NE.IMP.GNFS.ZS,32.4986725224709
EUU,European Union,2003,NE.TRD.GNFS.ZS,67.3582029677997
EUU,European Union,2003,NY.GDP.MKTP.CD,9944006859363.36
EUU,European Union,2003,NE.EXP.GNFS.ZS,34.0928140838094
EUU,European Union,2003,NE.IMP.GNFS.ZS,32.1282670072162
EUU,European Union,2004,NE.TRD.GNFS.ZS,70.3968822673266
EUU,European Union,2004,NY.GDP.MKTP.CD,11434848361291.9
EUU,European Union,2004,NE.EXP.GNFS.ZS,35.6808149380774
EUU,European Union,2004,NE.IMP.GNFS.ZS,33.5463458268003
EUU,European Union,2005,NE.TRD.GNFS.ZS,73.5521083200505
EUU,European Union,2005,NY.GDP.MKTP.CD,11940626626680.2
EUU,European Union,2005,NE.EXP.GNFS.ZS,37.0876867189909
EUU,European Union,2005,NE.IMP.GNFS.ZS,35.4463595292001
EUU,European Union,2006,NE.TRD.GNFS.ZS,77.9839965237354
EUU,European Union,2006,NY.GDP.MKTP.CD,12754718274523.8
EUU,European Union,2006,NE.EXP.GNFS.ZS,39.1475176618508
EUU,European Union,2006,NE.IMP.GNFS.ZS,37.8830736326494
EUU,European Union,2007,NE.TRD.GNFS.ZS,79.7970750209135
EUU,European Union,2007,NY.GDP.MKTP.CD,14779905573599.5
EUU,European Union,2007,NE.EXP.GNFS.ZS,40.2048231941069
EUU,European Union,2007,NE.IMP.GNFS.ZS,38.9118526725057
EUU,European Union,2008,NE.TRD.GNFS.ZS,80.7845236252072
EUU,European Union,2008,NY.GDP.MKTP.CD,16360464416206
EUU,European Union,2008,NE.EXP.GNFS.ZS,40.5592028782732
EUU,European Union,2008,NE.IMP.GNFS.ZS,39.6352167799229
EUU,European Union,2009,NE.TRD.GNFS.ZS,70.5061152819935
EUU,European Union,2009,NY.GDP.MKTP.CD,14844850799682.2
EUU,European Union,2009,NE.EXP.GNFS.ZS,35.7462696683665
EUU,European Union,2009,NE.IMP.GNFS.ZS,34.02343881293
EUU,European Union,2010,NE.TRD.GNFS.ZS,78.2822047070773
EUU,European Union,2010,NY.GDP.MKTP.CD,14641776061063.4
EUU,European Union,2010,NE.EXP.GNFS.ZS,39.6884218526412
EUU,European Union,2010,NE.IMP.GNFS.ZS,38.05767027832
EUU,European Union,2011,NE.TRD.GNFS.ZS,83.4716467909952
EUU,European Union,2011,NY.GDP.MKTP.CD,15874716537128.7
EUU,European Union,2011,NE.EXP.GNFS.ZS,42.4555714343856
EUU,European Union,2011,NE.IMP.GNFS.ZS,40.7153576376326
EUU,European Union,2012,NE.TRD.GNFS.ZS,85.0873053879509
EUU,European Union,2012,NY.GDP.MKTP.CD,14731878294328.4
EUU,European Union,2012,NE.EXP.GNFS.ZS,44.0064121189528
EUU,European Union,2012,NE.IMP.GNFS.ZS,41.1149743624442
EUU,European Union,2013,NE.TRD.GNFS.ZS,84.7802574446217
EUU,European Union,2013,NY.GDP.MKTP.CD,15398511081475.3
EUU,European Union,2013,NE.EXP.GNFS.ZS,44.2880149000695
EUU,European Union,2013,NE.IMP.GNFS.ZS,40.7465197120667
EUU,European Union,2014,NE.TRD.GNFS.ZS,85.4945619031171
EUU,European Union,2014,NY.GDP.MKTP.CD,15763599531004.8
EUU,European Union,2014,NE.EXP.GNFS.ZS,44.9094170960287
EUU,European Union,2014,NE.IMP.GNFS.ZS,41.1283893985555
EUU,European Union,2015,NE.TRD.GNFS.ZS,86.6784730245276
EUU,European Union,2015,NY.GDP.MKTP.CD,13656255577702.6
EUU,European Union,2015,NE.EXP.GNFS.ZS,46.260905005542
EUU,European Union,2015,NE.IMP.GNFS.ZS,41.8865492862511
EUU,European Union,2016,NE.TRD.GNFS.ZS,85.7843525287716
EUU,European Union,2016,NY.GDP.MKTP.CD,13988150566298.6
EUU,European Union,2016,NE.EXP.GNFS.ZS,45.9061535883817
EUU,European Union,2016,NE.IMP.GNFS.ZS,41.5024494008138
EUU,European Union,2017,NE.TRD.GNFS.ZS,88.7153593417555
EUU,European Union,2017,NY.GDP.MKTP.CD,14871316217995.7
EUU,European Union,2017,NE.EXP.GNFS.ZS,47.4989979796759
EUU,European Union,2017,NE.IMP.GNFS.ZS,43.2580644704839
EUU,European Union,2018,NE.TRD.GNFS.ZS,90.4287934541118
EUU,European Union,2018,NY.GDP.MKTP.CD,16092407006604.4
EUU,European Union,2018,NE.EXP.GNFS.ZS,48.2834712085325
EUU,European Union,2018,NE.IMP.GNFS.ZS,44.5363437065738
EUU,European Union,2019,NE.TRD.GNFS.ZS,90.5535167755498
EUU,European Union,2019,NY.GDP.MKTP.CD,15809077129406.2
EUU,European Union,2019,NE.EXP.GNFS.ZS,48.6059850968009
EUU,European Union,2019,NE.IMP.GNFS.ZS,45.1389642400608
EUU,European Union,2020,NE.TRD.GNFS.ZS,83.8178435756324
EUU,European Union,2020,NY.GDP.MKTP.CD,15504058553907.7
EUU,European Union,2020,NE.EXP.GNFS.ZS,45.8435835137981
EUU,European Union,2020,NE.IMP.GNFS.ZS,42.2211140829848
EUU,European Union,2021,NE.TRD.GNFS.ZS,91.2027987709932
EUU,European Union,2021,NY.GDP.MKTP.CD,17495257191725.6
EUU,European Union,2021,NE.EXP.GNFS.ZS,49.7170697533901
EUU,European Union,2021,NE.IMP.GNFS.ZS,45.9109100924003
EUU,European Union,2022,NE.TRD.GNFS.ZS,103.704297824246
EUU,European Union,2022,NY.GDP.MKTP.CD,17023620598906.4
EUU,European Union,2022,NE.EXP.GNFS.ZS,55.2993920196832
EUU,European Union,2022,NE.IMP.GNFS.ZS,53.4328869564855
EUU,European Union,2023,NE.TRD.GNFS.ZS,95.2184322373871
EUU,European Union,2023,NY.GDP.MKTP.CD,18659279022583.3
EUU,European Union,2023,NE.EXP.GNFS.ZS,51.7580205118519
EUU,European Union,2023,NE.IMP.GNFS.ZS,48.1095093874691
EUU,European Union,2024,NE.TRD.GNFS.ZS,91.6412129770423
EUU,European Union,2024,NY.GDP.MKTP.CD,19501078750999.4
EUU,European Union,2024,NE.EXP.GNFS.ZS,50.3674760951217
EUU,European Union,2024,NE.IMP.GNFS.ZS,46.109481455462
EUU,European Union,2025,NE.TRD.GNFS.ZS,90.139339730175
EUU,European Union,2025,NY.GDP.MKTP.CD,21243212570163.3
EUU,European Union,2025,NE.EXP.GNFS.ZS,49.6067179750537
EUU,European Union,2025,NE.IMP.GNFS.ZS,45.8155242538209
FRA,France,1995,NE.TRD.GNFS.ZS,45.4316616938638
FRA,France,1995,NY.GDP.MKTP.CD,1595219345511.89
FRA,France,1995,NE.EXP.GNFS.ZS,23.6896549224157
FRA,France,1995,NE.IMP.GNFS.ZS,21.7420067714481
FRA,France,1996,NE.TRD.GNFS.ZS,46.1124801589641
FRA,France,1996,NY.GDP.MKTP.CD,1598889216566.23
FRA,France,1996,NE.EXP.GNFS.ZS,24.123002754589
FRA,France,1996,NE.IMP.GNFS.ZS,21.9894774043751
FRA,France,1997,NE.TRD.GNFS.ZS,49.803453474736
FRA,France,1997,NY.GDP.MKTP.CD,1449392222971.45
FRA,France,1997,NE.EXP.GNFS.ZS,26.6303250476944
FRA,France,1997,NE.IMP.GNFS.ZS,23.1731284270416
FRA,France,1998,NE.TRD.GNFS.ZS,51.4214328030771
FRA,France,1998,NY.GDP.MKTP.CD,1496906382032.47
FRA,France,1998,NE.EXP.GNFS.ZS,27.2527671033937
FRA,France,1998,NE.IMP.GNFS.ZS,24.1686656996833
FRA,France,1999,NE.TRD.GNFS.ZS,51.6706614638734
FRA,France,1999,NY.GDP.MKTP.CD,1486915879701.93
FRA,France,1999,NE.EXP.GNFS.ZS,27.2069773242695
FRA,France,1999,NE.IMP.GNFS.ZS,24.4636841396038
FRA,France,2000,NE.TRD.GNFS.ZS,57.7860470318197
FRA,France,2000,NY.GDP.MKTP.CD,1360959069477.49
FRA,France,2000,NE.EXP.GNFS.ZS,29.7580489893129
FRA,France,2000,NE.IMP.GNFS.ZS,28.0279980425069
FRA,France,2001,NE.TRD.GNFS.ZS,56.8932328560722
FRA,France,2001,NY.GDP.MKTP.CD,1370376677298.86
FRA,France,2001,NE.EXP.GNFS.ZS,29.4306035099419
FRA,France,2001,NE.IMP.GNFS.ZS,27.4626293461303
FRA,France,2002,NE.TRD.GNFS.ZS,55.1325248503102
FRA,France,2002,NY.GDP.MKTP.CD,1492427756382.43
FRA,France,2002,NE.EXP.GNFS.ZS,28.7307017592768
FRA,France,2002,NE.IMP.GNFS.ZS,26.4018230910334
FRA,France,2003,NE.TRD.GNFS.ZS,52.5988822870657
FRA,France,2003,NY.GDP.MKTP.CD,1835095983049.09
FRA,France,2003,NE.EXP.GNFS.ZS,27.1369676673944
FRA,France,2003,NE.IMP.GNFS.ZS,25.4619146196714
FRA,France,2004,NE.TRD.GNFS.ZS,53.7497648292028
FRA,France,2004,NY.GDP.MKTP.CD,2109792297237.03
FRA,France,2004,NE.EXP.GNFS.ZS,27.5381038597962
FRA,France,2004,NE.IMP.GNFS.ZS,26.2116609694066
FRA,France,2005,NE.TRD.GNFS.ZS,55.8228361241299
FRA,France,2005,NY.GDP.MKTP.CD,2192146403028.17
FRA,France,2005,NE.EXP.GNFS.ZS,28.1635565257399
FRA,France,2005,NE.IMP.GNFS.ZS,27.65927959839
FRA,France,2006,NE.TRD.GNFS.ZS,57.8692775292673
FRA,France,2006,NY.GDP.MKTP.CD,2317861544690.82
FRA,France,2006,NE.EXP.GNFS.ZS,28.9278484836141
FRA,France,2006,NE.IMP.GNFS.ZS,28.9414290456532
FRA,France,2007,NE.TRD.GNFS.ZS,58.1525611309659
FRA,France,2007,NY.GDP.MKTP.CD,2655816911866.56
FRA,France,2007,NE.EXP.GNFS.ZS,28.8585344688926
FRA,France,2007,NE.IMP.GNFS.ZS,29.2940266620733
FRA,France,2008,NE.TRD.GNFS.ZS,59.1797928411748
FRA,France,2008,NY.GDP.MKTP.CD,2926802941585.86
FRA,France,2008,NE.EXP.GNFS.ZS,29.1990596782502
FRA,France,2008,NE.IMP.GNFS.ZS,29.9807331629246
FRA,France,2009,NE.TRD.GNFS.ZS,52.1991123027613
FRA,France,2009,NY.GDP.MKTP.CD,2700075882518.98
FRA,France,2009,NE.EXP.GNFS.ZS,25.8809482311608
FRA,France,2009,NE.IMP.GNFS.ZS,26.3181640716005
FRA,France,2010,NE.TRD.GNFS.ZS,56.587555247796
FRA,France,2010,NY.GDP.MKTP.CD,2646230027988.34
FRA,France,2010,NE.EXP.GNFS.ZS,27.8264880915553
FRA,France,2010,NE.IMP.GNFS.ZS,28.7610671562408
FRA,France,2011,NE.TRD.GNFS.ZS,60.6056354816406
FRA,France,2011,NY.GDP.MKTP.CD,2870408553990.28
FRA,France,2011,NE.EXP.GNFS.ZS,29.538847336075
FRA,France,2011,NE.IMP.GNFS.ZS,31.0667881455656
FRA,France,2012,NE.TRD.GNFS.ZS,61.6589570771102
FRA,France,2012,NY.GDP.MKTP.CD,2683007095787.23
FRA,France,2012,NE.EXP.GNFS.ZS,30.3556786527444
FRA,France,2012,NE.IMP.GNFS.ZS,31.3032784243658
FRA,France,2013,NE.TRD.GNFS.ZS,61.8192338733962
FRA,France,2013,NY.GDP.MKTP.CD,2816077607875.26
FRA,France,2013,NE.EXP.GNFS.ZS,30.5912853427773
FRA,France,2013,NE.IMP.GNFS.ZS,31.2279485306189
FRA,France,2014,NE.TRD.GNFS.ZS,62.1992669379507
FRA,France,2014,NY.GDP.MKTP.CD,2861236112552.42
FRA,France,2014,NE.EXP.GNFS.ZS,30.741812901515
FRA,France,2014,NE.IMP.GNFS.ZS,31.4574540364356
FRA,France,2015,NE.TRD.GNFS.ZS,63.5046871956484
FRA,France,2015,NY.GDP.MKTP.CD,2442483452642.5
FRA,France,2015,NE.EXP.GNFS.ZS,31.6934947262689
FRA,France,2015,NE.IMP.GNFS.ZS,31.8111924693795
FRA,France,2016,NE.TRD.GNFS.ZS,63.3427564383351
FRA,France,2016,NY.GDP.MKTP.CD,2470407619777.13
FRA,France,2016,NE.EXP.GNFS.ZS,31.498210070063
FRA,France,2016,NE.IMP.GNFS.ZS,31.8445463682721
FRA,France,2017,NE.TRD.GNFS.ZS,65.3958481559711
FRA,France,2017,NY.GDP.MKTP.CD,2588868323334.71
FRA,France,2017,NE.EXP.GNFS.ZS,32.311834044929
FRA,France,2017,NE.IMP.GNFS.ZS,33.0840141110421
FRA,France,2018,NE.TRD.GNFS.ZS,66.8022607812266
FRA,France,2018,NY.GDP.MKTP.CD,2781576320884.39
FRA,France,2018,NE.EXP.GNFS.ZS,32.9179818922164
FRA,France,2018,NE.IMP.GNFS.ZS,33.8842788890102
FRA,France,2019,NE.TRD.GNFS.ZS,66.4289607281749
FRA,France,2019,NY.GDP.MKTP.CD,2722793515171.76
FRA,France,2019,NE.EXP.GNFS.ZS,32.8895429451147
FRA,France,2019,NE.IMP.GNFS.ZS,33.5394177830602
FRA,France,2020,NE.TRD.GNFS.ZS,58.8388907240647
FRA,France,2020,NY.GDP.MKTP.CD,2647926055110.05
FRA,France,2020,NE.EXP.GNFS.ZS,28.5572228192655
FRA,France,2020,NE.IMP.GNFS.ZS,30.2816679047993
FRA,France,2021,NE.TRD.GNFS.ZS,63.788482630872
FRA,France,2021,NY.GDP.MKTP.CD,2966433692008.09
FRA,France,2021,NE.EXP.GNFS.ZS,31.2880499332105
FRA,France,2021,NE.IMP.GNFS.ZS,32.5004326976615
FRA,France,2022,NE.TRD.GNFS.ZS,75.9630077981996
FRA,France,2022,NY.GDP.MKTP.CD,2794788137066.94
FRA,France,2022,NE.EXP.GNFS.ZS,36.6160484268785
FRA,France,2022,NE.IMP.GNFS.ZS,39.3469593713211
FRA,France,2023,NE.TRD.GNFS.ZS,70.6261450610225
FRA,France,2023,NY.GDP.MKTP.CD,3056250648138.29
FRA,France,2023,NE.EXP.GNFS.ZS,34.4562568778842
FRA,France,2023,NE.IMP.GNFS.ZS,36.1698881831383
FRA,France,2024,NE.TRD.GNFS.ZS,68.1081875443744
FRA,France,2024,NY.GDP.MKTP.CD,3160442622465.08
FRA,France,2024,NE.EXP.GNFS.ZS,33.8897542343832
FRA,France,2024,NE.IMP.GNFS.ZS,34.2184333099912
FRA,France,2025,NE.TRD.GNFS.ZS,67.1923772838849
FRA,France,2025,NY.GDP.MKTP.CD,3366315927447.33
FRA,France,2025,NE.EXP.GNFS.ZS,33.3928225145364
FRA,France,2025,NE.IMP.GNFS.ZS,33.7995547693485
DEU,Germany,1995,NE.TRD.GNFS.ZS,42.6061486475818
DEU,Germany,1995,NY.GDP.MKTP.CD,2593053091306.13
DEU,Germany,1995,NE.EXP.GNFS.ZS,21.4815282668309
DEU,Germany,1995,NE.IMP.GNFS.ZS,21.1246203807509
DEU,Germany,1996,NE.TRD.GNFS.ZS,43.903586095325
DEU,Germany,1996,NY.GDP.MKTP.CD,2506576553158.31
DEU,Germany,1996,NE.EXP.GNFS.ZS,22.2821690795205
DEU,Germany,1996,NE.IMP.GNFS.ZS,21.6214170158045
DEU,Germany,1997,NE.TRD.GNFS.ZS,48.380321068738
DEU,Germany,1997,NY.GDP.MKTP.CD,2218790886532.82
DEU,Germany,1997,NE.EXP.GNFS.ZS,24.7013999735662
DEU,Germany,1997,NE.IMP.GNFS.ZS,23.6789210951718
DEU,Germany,1998,NE.TRD.GNFS.ZS,50.1554657792327
DEU,Germany,1998,NY.GDP.MKTP.CD,2247760364565.97
DEU,Germany,1998,NE.EXP.GNFS.ZS,25.6601609051036
DEU,Germany,1998,NE.IMP.GNFS.ZS,24.4953048741291
DEU,Germany,1999,NE.TRD.GNFS.ZS,51.519227436406
DEU,Germany,1999,NY.GDP.MKTP.CD,2213873468586.88
DEU,Germany,1999,NE.EXP.GNFS.ZS,26.0298761818567
DEU,Germany,1999,NE.IMP.GNFS.ZS,25.4893512545493
DEU,Germany,2000,NE.TRD.GNFS.ZS,59.1955992975405
DEU,Germany,2000,NY.GDP.MKTP.CD,1966980701145.1
DEU,Germany,2000,NE.EXP.GNFS.ZS,29.6806532498145
DEU,Germany,2000,NE.IMP.GNFS.ZS,29.5149460477259
DEU,Germany,2001,NE.TRD.GNFS.ZS,59.5592863682118
DEU,Germany,2001,NY.GDP.MKTP.CD,1966381496641.73
DEU,Germany,2001,NE.EXP.GNFS.ZS,30.5604113813066
DEU,Germany,2001,NE.IMP.GNFS.ZS,28.9988749869052
DEU,Germany,2002,NE.TRD.GNFS.ZS,58.3325687248129
DEU,Germany,2002,NY.GDP.MKTP.CD,2102350798305.89
DEU,Germany,2002,NE.EXP.GNFS.ZS,31.1904504893495
DEU,Germany,2002,NE.IMP.GNFS.ZS,27.1421182354634
DEU,Germany,2003,NE.TRD.GNFS.ZS,58.9145442942507
DEU,Germany,2003,NY.GDP.MKTP.CD,2534715518349.01
DEU,Germany,2003,NE.EXP.GNFS.ZS,31.2678451095809
DEU,Germany,2003,NE.IMP.GNFS.ZS,27.6466991846698
DEU,Germany,2004,NE.TRD.GNFS.ZS,62.9064909465164
DEU,Germany,2004,NY.GDP.MKTP.CD,2852317768061.78
DEU,Germany,2004,NE.EXP.GNFS.ZS,33.9352126434777
DEU,Germany,2004,NE.IMP.GNFS.ZS,28.9712783030388
DEU,Germany,2005,NE.TRD.GNFS.ZS,66.9531024934321
DEU,Germany,2005,NY.GDP.MKTP.CD,2893393187361.87
DEU,Germany,2005,NE.EXP.GNFS.ZS,35.9531497908166
DEU,Germany,2005,NE.IMP.GNFS.ZS,30.9999527026155
DEU,Germany,2006,NE.TRD.GNFS.ZS,72.7591934646234
DEU,Germany,2006,NY.GDP.MKTP.CD,3046308753670.58
DEU,Germany,2006,NE.EXP.GNFS.ZS,38.9694499171537
DEU,Germany,2006,NE.IMP.GNFS.ZS,33.7897435474697
DEU,Germany,2007,NE.TRD.GNFS.ZS,74.8838416816798
DEU,Germany,2007,NY.GDP.MKTP.CD,3484056680854.91
DEU,Germany,2007,NE.EXP.GNFS.ZS,40.6368056265783
DEU,Germany,2007,NE.IMP.GNFS.ZS,34.2470360551014
DEU,Germany,2008,NE.TRD.GNFS.ZS,76.1131665945746
DEU,Germany,2008,NY.GDP.MKTP.CD,3808197720125
DEU,Germany,2008,NE.EXP.GNFS.ZS,40.9488738182043
DEU,Germany,2008,NE.IMP.GNFS.ZS,35.1642927763703
DEU,Germany,2009,NE.TRD.GNFS.ZS,66.1391275757126
DEU,Germany,2009,NY.GDP.MKTP.CD,3478545516683.59
DEU,Germany,2009,NE.EXP.GNFS.ZS,35.4545162932994
DEU,Germany,2009,NE.IMP.GNFS.ZS,30.6846112824132
DEU,Germany,2010,NE.TRD.GNFS.ZS,73.8852351200263
DEU,Germany,2010,NY.GDP.MKTP.CD,3467093769666.67
DEU,Germany,2010,NE.EXP.GNFS.ZS,39.4953465429823
DEU,Germany,2010,NE.IMP.GNFS.ZS,34.389888577044
DEU,Germany,2011,NE.TRD.GNFS.ZS,78.433002901442
DEU,Germany,2011,NY.GDP.MKTP.CD,3823575803793.78
DEU,Germany,2011,NE.EXP.GNFS.ZS,41.6436286591115
DEU,Germany,2011,NE.IMP.GNFS.ZS,36.7893742423305
DEU,Germany,2012,NE.TRD.GNFS.ZS,79.3316495670315
DEU,Germany,2012,NY.GDP.MKTP.CD,3596483233406.25
DEU,Germany,2012,NE.EXP.GNFS.ZS,42.6855834357406
DEU,Germany,2012,NE.IMP.GNFS.ZS,36.6460661312909
DEU,Germany,2013,NE.TRD.GNFS.ZS,77.5860288576931
DEU,Germany,2013,NY.GDP.MKTP.CD,3807023797050.99
DEU,Germany,2013,NE.EXP.GNFS.ZS,41.6802838324356
DEU,Germany,2013,NE.IMP.GNFS.ZS,35.9057450252575
DEU,Germany,2014,NE.TRD.GNFS.ZS,76.8483516336234
DEU,Germany,2014,NY.GDP.MKTP.CD,3964870735760.77
DEU,Germany,2014,NE.EXP.GNFS.ZS,41.6936675523627
DEU,Germany,2014,NE.IMP.GNFS.ZS,35.1546840812607
DEU,Germany,2015,NE.TRD.GNFS.ZS,77.7565815686922
DEU,Germany,2015,NY.GDP.MKTP.CD,3425099578746.09
DEU,Germany,2015,NE.EXP.GNFS.ZS,42.5853976151835
DEU,Germany,2015,NE.IMP.GNFS.ZS,35.1711839535087
DEU,Germany,2016,NE.TRD.GNFS.ZS,76.0059902166055
DEU,Germany,2016,NY.GDP.MKTP.CD,3536787895179
DEU,Germany,2016,NE.EXP.GNFS.ZS,41.6355419518592
DEU,Germany,2016,NE.IMP.GNFS.ZS,34.3704482647463
DEU,Germany,2017,NE.TRD.GNFS.ZS,77.4548394742448
DEU,Germany,2017,NY.GDP.MKTP.CD,3765351626105.89
DEU,Germany,2017,NE.EXP.GNFS.ZS,42.2029575981591
DEU,Germany,2017,NE.IMP.GNFS.ZS,35.2518818760857
DEU,Germany,2018,NE.TRD.GNFS.ZS,79.1252260463654
DEU,Germany,2018,NY.GDP.MKTP.CD,4055433215301.96
DEU,Germany,2018,NE.EXP.GNFS.ZS,42.4968914074717
DEU,Germany,2018,NE.IMP.GNFS.ZS,36.6283346388937
DEU,Germany,2019,NE.TRD.GNFS.ZS,79.0732427175683
DEU,Germany,2019,NY.GDP.MKTP.CD,3959894794039.21
DEU,Germany,2019,NE.EXP.GNFS.ZS,42.3402444816356
DEU,Germany,2019,NE.IMP.GNFS.ZS,36.7329982359327
DEU,Germany,2020,NE.TRD.GNFS.ZS,72.9335327120137
DEU,Germany,2020,NY.GDP.MKTP.CD,3941398957073.94
DEU,Germany,2020,NE.EXP.GNFS.ZS,39.1198068808828
DEU,Germany,2020,NE.IMP.GNFS.ZS,33.8137258311309
DEU,Germany,2021,NE.TRD.GNFS.ZS,79.9195348609851
DEU,Germany,2021,NY.GDP.MKTP.CD,4355251953410.78
DEU,Germany,2021,NE.EXP.GNFS.ZS,42.5198379291429
DEU,Germany,2021,NE.IMP.GNFS.ZS,37.3996969318423
DEU,Germany,2022,NE.TRD.GNFS.ZS,88.7857542130501
DEU,Germany,2022,NY.GDP.MKTP.CD,4201021706478.62
DEU,Germany,2022,NE.EXP.GNFS.ZS,45.6284043425185
DEU,Germany,2022,NE.IMP.GNFS.ZS,43.1573498705316
DEU,Germany,2023,NE.TRD.GNFS.ZS,81.9625483787634
DEU,Germany,2023,NY.GDP.MKTP.CD,4562207532490.28
DEU,Germany,2023,NE.EXP.GNFS.ZS,42.9672624196847
DEU,Germany,2023,NE.IMP.GNFS.ZS,38.9952859590786
DEU,Germany,2024,NE.TRD.GNFS.ZS,79.0907305894936
DEU,Germany,2024,NY.GDP.MKTP.CD,4685592577804.69
DEU,Germany,2024,NE.EXP.GNFS.ZS,41.4340593720908
DEU,Germany,2024,NE.IMP.GNFS.ZS,37.6566712174028
DEU,Germany,2025,NE.TRD.GNFS.ZS,78.5128112199127
DEU,Germany,2025,NY.GDP.MKTP.CD,5050922925047.05
DEU,Germany,2025,NE.EXP.GNFS.ZS,40.4347738545071
DEU,Germany,2025,NE.IMP.GNFS.ZS,38.0780373654056
IND,India,1995,NE.TRD.GNFS.ZS,22.8674487062499
IND,India,1995,NY.GDP.MKTP.CD,360281909643.489
IND,India,1995,NE.EXP.GNFS.ZS,10.8439680350622
IND,India,1995,NE.IMP.GNFS.ZS,12.0234806711877
IND,India,1996,NE.TRD.GNFS.ZS,21.9294878713867
IND,India,1996,NY.GDP.MKTP.CD,392896866204.516
IND,India,1996,NE.EXP.GNFS.ZS,10.3851692716063
IND,India,1996,NE.IMP.GNFS.ZS,11.5443185997804
IND,India,1997,NE.TRD.GNFS.ZS,22.6193868670479
IND,India,1997,NY.GDP.MKTP.CD,415867563592.829
IND,India,1997,NE.EXP.GNFS.ZS,10.690717318379
IND,India,1997,NE.IMP.GNFS.ZS,11.9286695486689
IND,India,1998,NE.TRD.GNFS.ZS,23.6994700790647
IND,India,1998,NY.GDP.MKTP.CD,421351317224.941
IND,India,1998,NE.EXP.GNFS.ZS,11.0184691793102
IND,India,1998,NE.IMP.GNFS.ZS,12.6810008997545
IND,India,1999,NE.TRD.GNFS.ZS,24.8155980442929
IND,India,1999,NY.GDP.MKTP.CD,458821052615.79
IND,India,1999,NE.EXP.GNFS.ZS,11.4520646128009
IND,India,1999,NE.IMP.GNFS.ZS,13.363533431492
IND,India,2000,NE.TRD.GNFS.ZS,26.9009229104474
IND,India,2000,NY.GDP.MKTP.CD,468395521654.458
IND,India,2000,NE.EXP.GNFS.ZS,12.9972363113479
IND,India,2000,NE.IMP.GNFS.ZS,13.9036865990995
IND,India,2001,NE.TRD.GNFS.ZS,25.9932547534365
IND,India,2001,NY.GDP.MKTP.CD,485440139204.171
IND,India,2001,NE.EXP.GNFS.ZS,12.5583796339108
IND,India,2001,NE.IMP.GNFS.ZS,13.4348751195257
IND,India,2002,NE.TRD.GNFS.ZS,29.5086629350614
IND,India,2002,NY.GDP.MKTP.CD,514939140318.756
IND,India,2002,NE.EXP.GNFS.ZS,14.2643839243147
IND,India,2002,NE.IMP.GNFS.ZS,15.2442790107467
IND,India,2003,NE.TRD.GNFS.ZS,30.592436132908
IND,India,2003,NY.GDP.MKTP.CD,607700687237.318
IND,India,2003,NE.EXP.GNFS.ZS,14.9479138581734
IND,India,2003,NE.IMP.GNFS.ZS,15.6445222747346
IND,India,2004,NE.TRD.GNFS.ZS,37.503814059447
IND,India,2004,NY.GDP.MKTP.CD,709152728830.775
IND,India,2004,NE.EXP.GNFS.ZS,17.8591249630479
IND,India,2004,NE.IMP.GNFS.ZS,19.6446890963991
IND,India,2005,NE.TRD.GNFS.ZS,42.0016696148691
IND,India,2005,NY.GDP.MKTP.CD,820383763511.445
IND,India,2005,NE.EXP.GNFS.ZS,19.6052466948335
IND,India,2005,NE.IMP.GNFS.ZS,22.3964229200356
IND,India,2006,NE.TRD.GNFS.ZS,45.7244804992652
IND,India,2006,NY.GDP.MKTP.CD,940259888787.721
IND,India,2006,NE.EXP.GNFS.ZS,21.2679414221966
IND,India,2006,NE.IMP.GNFS.ZS,24.4565390770687
IND,India,2007,NE.TRD.GNFS.ZS,45.686268679348
IND,India,2007,NY.GDP.MKTP.CD,1216736438834.96
IND,India,2007,NE.EXP.GNFS.ZS,20.7996997489032
IND,India,2007,NE.IMP.GNFS.ZS,24.8865689304448
IND,India,2008,NE.TRD.GNFS.ZS,53.3682204392226
IND,India,2008,NY.GDP.MKTP.CD,1198895139005.92
IND,India,2008,NE.EXP.GNFS.ZS,24.0973572601391
IND,India,2008,NE.IMP.GNFS.ZS,29.2708631790835
IND,India,2009,NE.TRD.GNFS.ZS,46.2728696428837
IND,India,2009,NY.GDP.MKTP.CD,1341888016994.9
IND,India,2009,NE.EXP.GNFS.ZS,20.4005193743564
IND,India,2009,NE.IMP.GNFS.ZS,25.8723502685274
IND,India,2010,NE.TRD.GNFS.ZS,49.2552064974161
IND,India,2010,NY.GDP.MKTP.CD,1675615519484.96
IND,India,2010,NE.EXP.GNFS.ZS,22.4009332487945
IND,India,2010,NE.IMP.GNFS.ZS,26.8542732486216
IND,India,2011,NE.TRD.GNFS.ZS,55.6238800135298
IND,India,2011,NY.GDP.MKTP.CD,1823051829894.55
IND,India,2011,NE.EXP.GNFS.ZS,24.5404113195713
IND,India,2011,NE.IMP.GNFS.ZS,31.0834686939585
IND,India,2012,NE.TRD.GNFS.ZS,55.7937217287511
IND,India,2012,NY.GDP.MKTP.CD,1827637590410.41
IND,India,2012,NE.EXP.GNFS.ZS,24.534430661418
IND,India,2012,NE.IMP.GNFS.ZS,31.2592910673332
IND,India,2013,NE.TRD.GNFS.ZS,53.8441319466777
IND,India,2013,NY.GDP.MKTP.CD,1856721507621.58
IND,India,2013,NE.EXP.GNFS.ZS,25.430861300519
IND,India,2013,NE.IMP.GNFS.ZS,28.4132706461587
IND,India,2014,NE.TRD.GNFS.ZS,48.9221857470669
IND,India,2014,NY.GDP.MKTP.CD,2039126479154.52
IND,India,2014,NE.EXP.GNFS.ZS,22.9679630081172
IND,India,2014,NE.IMP.GNFS.ZS,25.9542227389497
IND,India,2015,NE.TRD.GNFS.ZS,41.9229138658647
IND,India,2015,NY.GDP.MKTP.CD,2103588360044.94
IND,India,2015,NE.EXP.GNFS.ZS,19.8131891564045
IND,India,2015,NE.IMP.GNFS.ZS,22.1097247094602
IND,India,2016,NE.TRD.GNFS.ZS,40.082485713276
IND,India,2016,NY.GDP.MKTP.CD,2294796885663.16
IND,India,2016,NE.EXP.GNFS.ZS,19.1582349105946
IND,India,2016,NE.IMP.GNFS.ZS,20.9242508026814
IND,India,2017,NE.TRD.GNFS.ZS,40.7424969545225
IND,India,2017,NY.GDP.MKTP.CD,2651474262755.45
IND,India,2017,NE.EXP.GNFS.ZS,18.7917648392982
IND,India,2017,NE.IMP.GNFS.ZS,21.9507321152243
IND,India,2018,NE.TRD.GNFS.ZS,43.6169693323889
IND,India,2018,NY.GDP.MKTP.CD,2702929641648.74
IND,India,2018,NE.EXP.GNFS.ZS,19.9278285988562
IND,India,2018,NE.IMP.GNFS.ZS,23.6891407335327
IND,India,2019,NE.TRD.GNFS.ZS,39.9054035306442
IND,India,2019,NY.GDP.MKTP.CD,2835606256558.19
IND,India,2019,NE.EXP.GNFS.ZS,18.664264897257
IND,India,2019,NE.IMP.GNFS.ZS,21.2411386333872
IND,India,2020,NE.TRD.GNFS.ZS,37.7581053292768
IND,India,2020,NY.GDP.MKTP.CD,2674851578587.27
IND,India,2020,NE.EXP.GNFS.ZS,18.6824769296756
IND,India,2020,NE.IMP.GNFS.ZS,19.0756283996012
IND,India,2021,NE.TRD.GNFS.ZS,45.4230887840446
IND,India,2021,NY.GDP.MKTP.CD,3167270623260.47
IND,India,2021,NE.EXP.GNFS.ZS,21.3991583305515
IND,India,2021,NE.IMP.GNFS.ZS,24.0239304534931
IND,India,2022,NE.TRD.GNFS.ZS,50.6979382758042
IND,India,2022,NY.GDP.MKTP.CD,3249938492013.47
IND,India,2022,NE.EXP.GNFS.ZS,24.0401716365956
IND,India,2022,NE.IMP.GNFS.ZS,26.6577666392086
IND,India,2023,NE.TRD.GNFS.ZS,46.3229520582338
IND,India,2023,NY.GDP.MKTP.CD,3500906030644.76
IND,India,2023,NE.EXP.GNFS.ZS,22.354801966733
IND,India,2023,NE.IMP.GNFS.ZS,23.9681500915008
IND,India,2024,NE.TRD.GNFS.ZS,45.9166907678748
IND,India,2024,NY.GDP.MKTP.CD,3760813470500.86
IND,India,2024,NE.EXP.GNFS.ZS,22.0639816354399
IND,India,2024,NE.IMP.GNFS.ZS,23.8527091324349
IND,India,2025,NE.TRD.GNFS.ZS,46.2682006859907
IND,India,2025,NY.GDP.MKTP.CD,3956067115771.63
IND,India,2025,NE.EXP.GNFS.ZS,22.2630410669804
IND,India,2025,NE.IMP.GNFS.ZS,24.0051596190103
IRN,"Iran, Islamic Rep.",1995,NE.TRD.GNFS.ZS,35.1442449159574
IRN,"Iran, Islamic Rep.",1995,NY.GDP.MKTP.CD,96419225743.6737
IRN,"Iran, Islamic Rep.",1995,NE.EXP.GNFS.ZS,21.6762407043299
IRN,"Iran, Islamic Rep.",1995,NE.IMP.GNFS.ZS,13.4680042116275
IRN,"Iran, Islamic Rep.",1996,NE.TRD.GNFS.ZS,35.2212991546042
IRN,"Iran, Islamic Rep.",1996,NY.GDP.MKTP.CD,120403931885.441
IRN,"Iran, Islamic Rep.",1996,NE.EXP.GNFS.ZS,20.1951302398727
IRN,"Iran, Islamic Rep.",1996,NE.IMP.GNFS.ZS,15.0261689147315
IRN,"Iran, Islamic Rep.",1997,NE.TRD.GNFS.ZS,32.6495581116416
IRN,"Iran, Islamic Rep.",1997,NY.GDP.MKTP.CD,113919163421.155
IRN,"Iran, Islamic Rep.",1997,NE.EXP.GNFS.ZS,17.2779308650647
IRN,"Iran, Islamic Rep.",1997,NE.IMP.GNFS.ZS,15.3716272465768
IRN,"Iran, Islamic Rep.",1998,NE.TRD.GNFS.ZS,29.2282196463134
IRN,"Iran, Islamic Rep.",1998,NY.GDP.MKTP.CD,110276913362.508
IRN,"Iran, Islamic Rep.",1998,NE.EXP.GNFS.ZS,12.6833809123619
IRN,"Iran, Islamic Rep.",1998,NE.IMP.GNFS.ZS,16.5448387339515
IRN,"Iran, Islamic Rep.",1999,NE.TRD.GNFS.ZS,34.8854141345934
IRN,"Iran, Islamic Rep.",1999,NY.GDP.MKTP.CD,113848450088.351
IRN,"Iran, Islamic Rep.",1999,NE.EXP.GNFS.ZS,19.292023195998
IRN,"Iran, Islamic Rep.",1999,NE.IMP.GNFS.ZS,15.5933909385954
IRN,"Iran, Islamic Rep.",2000,NE.TRD.GNFS.ZS,41.2572474638031
IRN,"Iran, Islamic Rep.",2000,NY.GDP.MKTP.CD,109591707802.216
IRN,"Iran, Islamic Rep.",2000,NE.EXP.GNFS.ZS,21.4670575678483
IRN,"Iran, Islamic Rep.",2000,NE.IMP.GNFS.ZS,19.7901898959548
IRN,"Iran, Islamic Rep.",2001,NE.TRD.GNFS.ZS,40.535566479523
IRN,"Iran, Islamic Rep.",2001,NY.GDP.MKTP.CD,126878750295.944
IRN,"Iran, Islamic Rep.",2001,NE.EXP.GNFS.ZS,19.3033203562353
IRN,"Iran, Islamic Rep.",2001,NE.IMP.GNFS.ZS,21.2322461232876
IRN,"Iran, Islamic Rep.",2002,NE.TRD.GNFS.ZS,48.1726865520657
IRN,"Iran, Islamic Rep.",2002,NY.GDP.MKTP.CD,128626917503.72
IRN,"Iran, Islamic Rep.",2002,NE.EXP.GNFS.ZS,24.4139021536457
IRN,"Iran, Islamic Rep.",2002,NE.IMP.GNFS.ZS,23.75878439842
IRN,"Iran, Islamic Rep.",2003,NE.TRD.GNFS.ZS,50.6791057753261
IRN,"Iran, Islamic Rep.",2003,NY.GDP.MKTP.CD,151911222119.488
IRN,"Iran, Islamic Rep.",2003,NE.EXP.GNFS.ZS,24.6274728309232
IRN,"Iran, Islamic Rep.",2003,NE.IMP.GNFS.ZS,26.0516329444029
IRN,"Iran, Islamic Rep.",2004,NE.TRD.GNFS.ZS,51.3138573265888
IRN,"Iran, Islamic Rep.",2004,NY.GDP.MKTP.CD,187754571247.666
IRN,"Iran, Islamic Rep.",2004,NE.EXP.GNFS.ZS,25.266928255823
IRN,"Iran, Islamic Rep.",2004,NE.IMP.GNFS.ZS,26.0469290707658
IRN,"Iran, Islamic Rep.",2005,NE.TRD.GNFS.ZS,54.4404952635536
IRN,"Iran, Islamic Rep.",2005,NY.GDP.MKTP.CD,224970371324.67
IRN,"Iran, Islamic Rep.",2005,NE.EXP.GNFS.ZS,30.3308191865397
IRN,"Iran, Islamic Rep.",2005,NE.IMP.GNFS.ZS,24.1096760770139
IRN,"Iran, Islamic Rep.",2006,NE.TRD.GNFS.ZS,53.1673587143845
IRN,"Iran, Islamic Rep.",2006,NY.GDP.MKTP.CD,265602187403.643
IRN,"Iran, Islamic Rep.",2006,NE.EXP.GNFS.ZS,29.8690352505831
IRN,"Iran, Islamic Rep.",2006,NE.IMP.GNFS.ZS,23.2983234638014
IRN,"Iran, Islamic Rep.",2007,NE.TRD.GNFS.ZS,49.8873069225934
IRN,"Iran, Islamic Rep.",2007,NY.GDP.MKTP.CD,349736591832.418
IRN,"Iran, Islamic Rep.",2007,NE.EXP.GNFS.ZS,28.8436124054165
IRN,"Iran, Islamic Rep.",2007,NE.IMP.GNFS.ZS,21.0436945171769
IRN,"Iran, Islamic Rep.",2008,NE.TRD.GNFS.ZS,48.2294027741438
IRN,"Iran, Islamic Rep.",2008,NY.GDP.MKTP.CD,406070949553.875
IRN,"Iran, Islamic Rep.",2008,NE.EXP.GNFS.ZS,26.5771274521598
IRN,"Iran, Islamic Rep.",2008,NE.IMP.GNFS.ZS,21.6522753219841
IRN,"Iran, Islamic Rep.",2009,NE.TRD.GNFS.ZS,43.6995802243585
IRN,"Iran, Islamic Rep.",2009,NY.GDP.MKTP.CD,414059094949.063
IRN,"Iran, Islamic Rep.",2009,NE.EXP.GNFS.ZS,22.7114891378215
IRN,"Iran, Islamic Rep.",2009,NE.IMP.GNFS.ZS,20.988091086537
IRN,"Iran, Islamic Rep.",2010,NE.TRD.GNFS.ZS,43.7706437371399
IRN,"Iran, Islamic Rep.",2010,NY.GDP.MKTP.CD,487069570463.768
IRN,"Iran, Islamic Rep.",2010,NE.EXP.GNFS.ZS,24.399653282909
IRN,"Iran, Islamic Rep.",2010,NE.IMP.GNFS.ZS,19.3709904542309
IRN,"Iran, Islamic Rep.",2011,NE.TRD.GNFS.ZS,41.2194147918578
IRN,"Iran, Islamic Rep.",2011,NY.GDP.MKTP.CD,629082257472.368
IRN,"Iran, Islamic Rep.",2011,NE.EXP.GNFS.ZS,24.9333131264674
IRN,"Iran, Islamic Rep.",2011,NE.IMP.GNFS.ZS,16.2861016653904
IRN,"Iran, Islamic Rep.",2012,NE.TRD.GNFS.ZS,44.0893466807452
IRN,"Iran, Islamic Rep.",2012,NY.GDP.MKTP.CD,644019315003.54
IRN,"Iran, Islamic Rep.",2012,NE.EXP.GNFS.ZS,22.4753001992586
IRN,"Iran, Islamic Rep.",2012,NE.IMP.GNFS.ZS,21.6140464814866
IRN,"Iran, Islamic Rep.",2013,NE.TRD.GNFS.ZS,47.0867179194755
IRN,"Iran, Islamic Rep.",2013,NY.GDP.MKTP.CD,500399839839.877
IRN,"Iran, Islamic Rep.",2013,NE.EXP.GNFS.ZS,25.1829067419072
IRN,"Iran, Islamic Rep.",2013,NE.IMP.GNFS.ZS,21.9038111775683
IRN,"Iran, Islamic Rep.",2014,NE.TRD.GNFS.ZS,45.3514201413161
IRN,"Iran, Islamic Rep.",2014,NY.GDP.MKTP.CD,462284793280.825
IRN,"Iran, Islamic Rep.",2014,NE.EXP.GNFS.ZS,22.8306723891643
IRN,"Iran, Islamic Rep.",2014,NE.IMP.GNFS.ZS,22.5207477521518
IRN,"Iran, Islamic Rep.",2015,NE.TRD.GNFS.ZS,39.42258866118
IRN,"Iran, Islamic Rep.",2015,NY.GDP.MKTP.CD,409191686496.677
IRN,"Iran, Islamic Rep.",2015,NE.EXP.GNFS.ZS,18.7208345068656
IRN,"Iran, Islamic Rep.",2015,NE.IMP.GNFS.ZS,20.7017541543144
IRN,"Iran, Islamic Rep.",2016,NE.TRD.GNFS.ZS,39.8772417738866
IRN,"Iran, Islamic Rep.",2016,NY.GDP.MKTP.CD,478618064870.999
IRN,"Iran, Islamic Rep.",2016,NE.EXP.GNFS.ZS,20.3097816144481
IRN,"Iran, Islamic Rep.",2016,NE.IMP.GNFS.ZS,19.5674601594385
IRN,"Iran, Islamic Rep.",2017,NE.TRD.GNFS.ZS,43.1556931383906
IRN,"Iran, Islamic Rep.",2017,NY.GDP.MKTP.CD,510239893417.645
IRN,"Iran, Islamic Rep.",2017,NE.EXP.GNFS.ZS,21.8329309946109
IRN,"Iran, Islamic Rep.",2017,NE.IMP.GNFS.ZS,21.3227621437797
IRN,"Iran, Islamic Rep.",2018,NE.TRD.GNFS.ZS,56.6153496142829
IRN,"Iran, Islamic Rep.",2018,NY.GDP.MKTP.CD,411903303606.044
IRN,"Iran, Islamic Rep.",2018,NE.EXP.GNFS.ZS,29.639694129412
IRN,"Iran, Islamic Rep.",2018,NE.IMP.GNFS.ZS,26.975655484871
IRN,"Iran, Islamic Rep.",2019,NE.TRD.GNFS.ZS,48.5917712137038
IRN,"Iran, Islamic Rep.",2019,NY.GDP.MKTP.CD,347988400957.999
IRN,"Iran, Islamic Rep.",2019,NE.EXP.GNFS.ZS,22.3147082096412
IRN,"Iran, Islamic Rep.",2019,NE.IMP.GNFS.ZS,26.2770630040625
IRN,"Iran, Islamic Rep.",2020,NE.TRD.GNFS.ZS,43.8844674905013
IRN,"Iran, Islamic Rep.",2020,NY.GDP.MKTP.CD,280934329279.723
IRN,"Iran, Islamic Rep.",2020,NE.EXP.GNFS.ZS,18.3903748639131
IRN,"Iran, Islamic Rep.",2020,NE.IMP.GNFS.ZS,25.4940926265882
IRN,"Iran, Islamic Rep.",2021,NE.TRD.GNFS.ZS,42.672379536261
IRN,"Iran, Islamic Rep.",2021,NY.GDP.MKTP.CD,407350685583.335
IRN,"Iran, Islamic Rep.",2021,NE.EXP.GNFS.ZS,22.0192078360416
IRN,"Iran, Islamic Rep.",2021,NE.IMP.GNFS.ZS,20.6531717002195
IRN,"Iran, Islamic Rep.",2022,NE.TRD.GNFS.ZS,48.9183508223052
IRN,"Iran, Islamic Rep.",2022,NY.GDP.MKTP.CD,422662261525.665
IRN,"Iran, Islamic Rep.",2022,NE.EXP.GNFS.ZS,25.5666185174995
IRN,"Iran, Islamic Rep.",2022,NE.IMP.GNFS.ZS,23.3517323048057
IRN,"Iran, Islamic Rep.",2023,NE.TRD.GNFS.ZS,49.3935500960203
IRN,"Iran, Islamic Rep.",2023,NY.GDP.MKTP.CD,457510482317.483
IRN,"Iran, Islamic Rep.",2023,NE.EXP.GNFS.ZS,23.9216475542357
IRN,"Iran, Islamic Rep.",2023,NE.IMP.GNFS.ZS,25.4719025417845
IRN,"Iran, Islamic Rep.",2024,NE.TRD.GNFS.ZS,52.0621306794348
IRN,"Iran, Islamic Rep.",2024,NY.GDP.MKTP.CD,475252089215.416
IRN,"Iran, Islamic Rep.",2024,NE.EXP.GNFS.ZS,23.5514720983508
IRN,"Iran, Islamic Rep.",2024,NE.IMP.GNFS.ZS,28.5106585810839
IRN,"Iran, Islamic Rep.",2025,NE.TRD.GNFS.ZS,60.2426223967467
IRN,"Iran, Islamic Rep.",2025,NY.GDP.MKTP.CD,362682115433.364
IRN,"Iran, Islamic Rep.",2025,NE.EXP.GNFS.ZS,25.754375261588
IRN,"Iran, Islamic Rep.",2025,NE.IMP.GNFS.ZS,34.4882471351587
ITA,Italy,1995,NE.TRD.GNFS.ZS,45.5795026636995
ITA,Italy,1995,NY.GDP.MKTP.CD,1177369428265.78
ITA,Italy,1995,NE.EXP.GNFS.ZS,24.6157552051653
ITA,Italy,1995,NE.IMP.GNFS.ZS,20.9637474585342
ITA,Italy,1996,NE.TRD.GNFS.ZS,42.8020490474117
ITA,Italy,1996,NY.GDP.MKTP.CD,1314776508972.27
ITA,Italy,1996,NE.EXP.GNFS.ZS,23.662303838318
ITA,Italy,1996,NE.IMP.GNFS.ZS,19.1397452090937
ITA,Italy,1997,NE.TRD.GNFS.ZS,44.4771651978702
ITA,Italy,1997,NY.GDP.MKTP.CD,1244988176443.84
ITA,Italy,1997,NE.EXP.GNFS.ZS,24.0894916918366
ITA,Italy,1997,NE.IMP.GNFS.ZS,20.3876735060337
ITA,Italy,1998,NE.TRD.GNFS.ZS,44.997874273345
ITA,Italy,1998,NY.GDP.MKTP.CD,1272729786996.77
ITA,Italy,1998,NE.EXP.GNFS.ZS,24.0123257096913
ITA,Italy,1998,NE.IMP.GNFS.ZS,20.9855485636537
ITA,Italy,1999,NE.TRD.GNFS.ZS,44.5298402267013
ITA,Italy,1999,NY.GDP.MKTP.CD,1255004736463.98
ITA,Italy,1999,NE.EXP.GNFS.ZS,23.1534516122759
ITA,Italy,1999,NE.IMP.GNFS.ZS,21.3763886144254
ITA,Italy,2000,NE.TRD.GNFS.ZS,50.2747311455639
ITA,Italy,2000,NY.GDP.MKTP.CD,1149661363439.38
ITA,Italy,2000,NE.EXP.GNFS.ZS,25.5611956255751
ITA,Italy,2000,NE.IMP.GNFS.ZS,24.7135355199888
ITA,Italy,2001,NE.TRD.GNFS.ZS,49.8632723203495
ITA,Italy,2001,NY.GDP.MKTP.CD,1172041488805.87
ITA,Italy,2001,NE.EXP.GNFS.ZS,25.5610801918444
ITA,Italy,2001,NE.IMP.GNFS.ZS,24.3021921285051
ITA,Italy,2002,NE.TRD.GNFS.ZS,47.8713186791542
ITA,Italy,2002,NY.GDP.MKTP.CD,1281746271196.04
ITA,Italy,2002,NE.EXP.GNFS.ZS,24.3126948188163
ITA,Italy,2002,NE.IMP.GNFS.ZS,23.5586238603378
ITA,Italy,2003,NE.TRD.GNFS.ZS,45.9940859777074
ITA,Italy,2003,NY.GDP.MKTP.CD,1582930016538.82
ITA,Italy,2003,NE.EXP.GNFS.ZS,23.2240496903642
ITA,Italy,2003,NE.IMP.GNFS.ZS,22.7700362873432
ITA,Italy,2004,NE.TRD.GNFS.ZS,47.2663923891771
ITA,Italy,2004,NY.GDP.MKTP.CD,1812808753294.75
ITA,Italy,2004,NE.EXP.GNFS.ZS,23.9268409466402
ITA,Italy,2004,NE.IMP.GNFS.ZS,23.3395514425368
ITA,Italy,2005,NE.TRD.GNFS.ZS,49.1221742288618
ITA,Italy,2005,NY.GDP.MKTP.CD,1864982261286.85
ITA,Italy,2005,NE.EXP.GNFS.ZS,24.5118533579183
ITA,Italy,2005,NE.IMP.GNFS.ZS,24.6103208709435
ITA,Italy,2006,NE.TRD.GNFS.ZS,52.9235429597012
ITA,Italy,2006,NY.GDP.MKTP.CD,1958563654385.64
ITA,Italy,2006,NE.EXP.GNFS.ZS,26.0530628243151
ITA,Italy,2006,NE.IMP.GNFS.ZS,26.8704801353861
ITA,Italy,2007,NE.TRD.GNFS.ZS,54.8280415572531
ITA,Italy,2007,NY.GDP.MKTP.CD,2222524108127.65
ITA,Italy,2007,NE.EXP.GNFS.ZS,27.2450545395013
ITA,Italy,2007,NE.IMP.GNFS.ZS,27.5829870177519
ITA,Italy,2008,NE.TRD.GNFS.ZS,54.214254895667104
ITA,Italy,2008,NY.GDP.MKTP.CD,2417508414187.19
ITA,Italy,2008,NE.EXP.GNFS.ZS,26.7427615964483
ITA,Italy,2008,NE.IMP.GNFS.ZS,27.4714932992188
ITA,Italy,2009,NE.TRD.GNFS.ZS,45.1414765721604
ITA,Italy,2009,NY.GDP.MKTP.CD,2209484319012.65
ITA,Italy,2009,NE.EXP.GNFS.ZS,22.2771595955525
ITA,Italy,2009,NE.IMP.GNFS.ZS,22.8643169766079
ITA,Italy,2010,NE.TRD.GNFS.ZS,51.6621118138339
ITA,Italy,2010,NY.GDP.MKTP.CD,2144936254535
ITA,Italy,2010,NE.EXP.GNFS.ZS,24.9186514223879
ITA,Italy,2010,NE.IMP.GNFS.ZS,26.743460391446
ITA,Italy,2011,NE.TRD.GNFS.ZS,54.4722149449288
ITA,Italy,2011,NY.GDP.MKTP.CD,2306974020278.21
ITA,Italy,2011,NE.EXP.GNFS.ZS,26.5629866543354
ITA,Italy,2011,NE.IMP.GNFS.ZS,27.9092282905933
ITA,Italy,2012,NE.TRD.GNFS.ZS,54.8844952702204
ITA,Italy,2012,NY.GDP.MKTP.CD,2097929495121.68
ITA,Italy,2012,NE.EXP.GNFS.ZS,27.9851870768453
ITA,Italy,2012,NE.IMP.GNFS.ZS,26.8993081933752
ITA,Italy,2013,NE.TRD.GNFS.ZS,54.0341846317499
ITA,Italy,2013,NY.GDP.MKTP.CD,2153225581941.46
ITA,Italy,2013,NE.EXP.GNFS.ZS,28.177442406394
ITA,Italy,2013,NE.IMP.GNFS.ZS,25.8567422253559
ITA,Italy,2014,NE.TRD.GNFS.ZS,54.4545299332032
ITA,Italy,2014,NY.GDP.MKTP.CD,2173255507985.84
ITA,Italy,2014,NE.EXP.GNFS.ZS,28.6224027363532
ITA,Italy,2014,NE.IMP.GNFS.ZS,25.83212719685
ITA,Italy,2015,NE.TRD.GNFS.ZS,55.4356858148221
ITA,Italy,2015,NY.GDP.MKTP.CD,1845428048839.1
ITA,Italy,2015,NE.EXP.GNFS.ZS,29.144111052532
ITA,Italy,2015,NE.IMP.GNFS.ZS,26.2915747622901
ITA,Italy,2016,NE.TRD.GNFS.ZS,54.4321467018313
ITA,Italy,2016,NY.GDP.MKTP.CD,1887111188176.93
ITA,Italy,2016,NE.EXP.GNFS.ZS,28.7987488919157
ITA,Italy,2016,NE.IMP.GNFS.ZS,25.6333978099156
ITA,Italy,2017,NE.TRD.GNFS.ZS,57.5829940274911
ITA,Italy,2017,NY.GDP.MKTP.CD,1970720904584.71
ITA,Italy,2017,NE.EXP.GNFS.ZS,30.1398859152774
ITA,Italy,2017,NE.IMP.GNFS.ZS,27.4431081122137
ITA,Italy,2018,NE.TRD.GNFS.ZS,59.2749835128154
ITA,Italy,2018,NY.GDP.MKTP.CD,2099435266458.67
ITA,Italy,2018,NE.EXP.GNFS.ZS,30.8135072735991
ITA,Italy,2018,NE.IMP.GNFS.ZS,28.4614762392164
ITA,Italy,2019,NE.TRD.GNFS.ZS,58.6941902594738
ITA,Italy,2019,NY.GDP.MKTP.CD,2019606796583.53
ITA,Italy,2019,NE.EXP.GNFS.ZS,30.9498739181942
ITA,Italy,2019,NE.IMP.GNFS.ZS,27.7443163412796
ITA,Italy,2020,NE.TRD.GNFS.ZS,53.9394839042764
ITA,Italy,2020,NY.GDP.MKTP.CD,1907481094079.23
ITA,Italy,2020,NE.EXP.GNFS.ZS,28.7258551870199
ITA,Italy,2020,NE.IMP.GNFS.ZS,25.2136287172564
ITA,Italy,2021,NE.TRD.GNFS.ZS,60.3019776202798
ITA,Italy,2021,NY.GDP.MKTP.CD,2179207773596.09
ITA,Italy,2021,NE.EXP.GNFS.ZS,31.1716088630092
ITA,Italy,2021,NE.IMP.GNFS.ZS,29.1303687572707
ITA,Italy,2022,NE.TRD.GNFS.ZS,72.0165023032697
ITA,Italy,2022,NY.GDP.MKTP.CD,2104067630319.46
ITA,Italy,2022,NE.EXP.GNFS.ZS,35.0991400412578
ITA,Italy,2022,NE.IMP.GNFS.ZS,36.9173622620119
ITA,Italy,2023,NE.TRD.GNFS.ZS,65.1028419441908
ITA,Italy,2023,NY.GDP.MKTP.CD,2316882296366.32
ITA,Italy,2023,NE.EXP.GNFS.ZS,33.3293695692309
ITA,Italy,2023,NE.IMP.GNFS.ZS,31.7734723749599
ITA,Italy,2024,NE.TRD.GNFS.ZS,62.5926144915658
ITA,Italy,2024,NY.GDP.MKTP.CD,2383435562458.12
ITA,Italy,2024,NE.EXP.GNFS.ZS,32.3350686402627
ITA,Italy,2024,NE.IMP.GNFS.ZS,30.2575458513031
ITA,Italy,2025,NE.TRD.GNFS.ZS,62.5232263591126
ITA,Italy,2025,NY.GDP.MKTP.CD,2551556954100.35
ITA,Italy,2025,NE.EXP.GNFS.ZS,32.2270197272539
ITA,Italy,2025,NE.IMP.GNFS.ZS,30.2962066318587
JPN,Japan,1995,NE.TRD.GNFS.ZS,16.1166693561401
JPN,Japan,1995,NY.GDP.MKTP.CD,5639649753985.77
JPN,Japan,1995,NE.EXP.GNFS.ZS,8.66938554832833
JPN,Japan,1995,NE.IMP.GNFS.ZS,7.44728380781174
JPN,Japan,1996,NE.TRD.GNFS.ZS,17.8974380473791
JPN,Japan,1996,NY.GDP.MKTP.CD,5021441618840.38
JPN,Japan,1996,NE.EXP.GNFS.ZS,9.13384321818787
JPN,Japan,1996,NE.IMP.GNFS.ZS,8.76359482919126
JPN,Japan,1997,NE.TRD.GNFS.ZS,19.4062642232127
JPN,Japan,1997,NY.GDP.MKTP.CD,4579780793431.57
JPN,Japan,1997,NE.EXP.GNFS.ZS,10.18568815896
JPN,Japan,1997,NE.IMP.GNFS.ZS,9.22057606425274
JPN,Japan,1998,NE.TRD.GNFS.ZS,18.7651112452697
JPN,Japan,1998,NY.GDP.MKTP.CD,4150359076370.48
JPN,Japan,1998,NE.EXP.GNFS.ZS,10.2438413853018
JPN,Japan,1998,NE.IMP.GNFS.ZS,8.5212698599679
JPN,Japan,1999,NE.TRD.GNFS.ZS,17.9207503513808
JPN,Japan,1999,NY.GDP.MKTP.CD,4688983449627.24
JPN,Japan,1999,NE.EXP.GNFS.ZS,9.69470355290166
JPN,Japan,1999,NE.IMP.GNFS.ZS,8.22604679847918
JPN,Japan,2000,NE.TRD.GNFS.ZS,19.2751936529389
JPN,Japan,2000,NY.GDP.MKTP.CD,5042381838343.44
JPN,Japan,2000,NE.EXP.GNFS.ZS,10.3098888690138
JPN,Japan,2000,NE.IMP.GNFS.ZS,8.96530478392506
JPN,Japan,2001,NE.TRD.GNFS.ZS,19.2772303804527
JPN,Japan,2001,NY.GDP.MKTP.CD,4438792748062.4
JPN,Japan,2001,NE.EXP.GNFS.ZS,9.9313252815504
JPN,Japan,2001,NE.IMP.GNFS.ZS,9.34590509890227
JPN,Japan,2002,NE.TRD.GNFS.ZS,20.1432481553025
JPN,Japan,2002,NY.GDP.MKTP.CD,4245946980572.3
JPN,Japan,2002,NE.EXP.GNFS.ZS,10.6941179299116
JPN,Japan,2002,NE.IMP.GNFS.ZS,9.44913022539082
JPN,Japan,2003,NE.TRD.GNFS.ZS,21.0750119103347
JPN,Japan,2003,NY.GDP.MKTP.CD,4573413206709.02
JPN,Japan,2003,NE.EXP.GNFS.ZS,11.3307927134025
JPN,Japan,2003,NE.IMP.GNFS.ZS,9.74421919693225
JPN,Japan,2004,NE.TRD.GNFS.ZS,23.4324185456932
JPN,Japan,2004,NY.GDP.MKTP.CD,4941485123806.53
JPN,Japan,2004,NE.EXP.GNFS.ZS,12.6608085791759
JPN,Japan,2004,NE.IMP.GNFS.ZS,10.7716099665173
JPN,Japan,2005,NE.TRD.GNFS.ZS,25.9909279228382
JPN,Japan,2005,NY.GDP.MKTP.CD,4875648486366.14
JPN,Japan,2005,NE.EXP.GNFS.ZS,13.6893610021266
JPN,Japan,2005,NE.IMP.GNFS.ZS,12.3015669207116
JPN,Japan,2006,NE.TRD.GNFS.ZS,29.714872929485
JPN,Japan,2006,NY.GDP.MKTP.CD,4648058930707.24
JPN,Japan,2006,NE.EXP.GNFS.ZS,15.4991989877277
JPN,Japan,2006,NE.IMP.GNFS.ZS,14.2156739417573
JPN,Japan,2007,NE.TRD.GNFS.ZS,32.4957200262739
JPN,Japan,2007,NY.GDP.MKTP.CD,4624670179654.96
JPN,Japan,2007,NE.EXP.GNFS.ZS,17.1190869291448
JPN,Japan,2007,NE.IMP.GNFS.ZS,15.3766330971291
JPN,Japan,2008,NE.TRD.GNFS.ZS,33.7738026089171
JPN,Japan,2008,NY.GDP.MKTP.CD,5160197175876.43
JPN,Japan,2008,NE.EXP.GNFS.ZS,17.0550818459886
JPN,Japan,2008,NE.IMP.GNFS.ZS,16.7187207629284
JPN,Japan,2009,NE.TRD.GNFS.ZS,24.1730393019729
JPN,Japan,2009,NY.GDP.MKTP.CD,5336765697589.29
JPN,Japan,2009,NE.EXP.GNFS.ZS,12.3084729966275
JPN,Japan,2009,NE.IMP.GNFS.ZS,11.8645663053454
JPN,Japan,2010,NE.TRD.GNFS.ZS,28.2400150860666
JPN,Japan,2010,NY.GDP.MKTP.CD,5811578109447.07
JPN,Japan,2010,NE.EXP.GNFS.ZS,14.7827379015469
JPN,Japan,2010,NE.IMP.GNFS.ZS,13.4572771845197
JPN,Japan,2011,NE.TRD.GNFS.ZS,29.9713853558472
JPN,Japan,2011,NY.GDP.MKTP.CD,6279422550218.7
JPN,Japan,2011,NE.EXP.GNFS.ZS,14.6645262221087
JPN,Japan,2011,NE.IMP.GNFS.ZS,15.3068591337385
JPN,Japan,2012,NE.TRD.GNFS.ZS,30.174299547803
JPN,Japan,2012,NY.GDP.MKTP.CD,6333803928787.76
JPN,Japan,2012,NE.EXP.GNFS.ZS,14.2739154583775
JPN,Japan,2012,NE.IMP.GNFS.ZS,15.9003840894255
JPN,Japan,2013,NE.TRD.GNFS.ZS,33.5913694460807
JPN,Japan,2013,NY.GDP.MKTP.CD,5272297037396.96
JPN,Japan,2013,NE.EXP.GNFS.ZS,15.6037090812555
JPN,Japan,2013,NE.IMP.GNFS.ZS,17.9876603648252
JPN,Japan,2014,NE.TRD.GNFS.ZS,36.7643250218282
JPN,Japan,2014,NY.GDP.MKTP.CD,4985763289560.81
JPN,Japan,2014,NE.EXP.GNFS.ZS,17.1078627742157
JPN,Japan,2014,NE.IMP.GNFS.ZS,19.6564622476125
JPN,Japan,2015,NE.TRD.GNFS.ZS,34.7276305886293
JPN,Japan,2015,NY.GDP.MKTP.CD,4534438580494.94
JPN,Japan,2015,NE.EXP.GNFS.ZS,17.0921099786159
JPN,Japan,2015,NE.IMP.GNFS.ZS,17.6355206100133
JPN,Japan,2016,NE.TRD.GNFS.ZS,30.6562793068554
JPN,Japan,2016,NY.GDP.MKTP.CD,5110357383254.44
JPN,Japan,2016,NE.EXP.GNFS.ZS,15.7223961123124
JPN,Japan,2016,NE.IMP.GNFS.ZS,14.933883194543
JPN,Japan,2017,NE.TRD.GNFS.ZS,33.6888336792782
JPN,Japan,2017,NY.GDP.MKTP.CD,5038231631660.71
JPN,Japan,2017,NE.EXP.GNFS.ZS,17.2158253394418
JPN,Japan,2017,NE.IMP.GNFS.ZS,16.4730083398364
JPN,Japan,2018,NE.TRD.GNFS.ZS,35.8035749582494
JPN,Japan,2018,NY.GDP.MKTP.CD,5154293721629.56
JPN,Japan,2018,NE.EXP.GNFS.ZS,17.9111434788682
JPN,Japan,2018,NE.IMP.GNFS.ZS,17.8924314793812
JPN,Japan,2019,NE.TRD.GNFS.ZS,34.3582972799989
JPN,Japan,2019,NY.GDP.MKTP.CD,5245755000479.03
JPN,Japan,2019,NE.EXP.GNFS.ZS,17.0377974181499
JPN,Japan,2019,NE.IMP.GNFS.ZS,17.320499861849
JPN,Japan,2020,NE.TRD.GNFS.ZS,30.5192226892273
JPN,Japan,2020,NY.GDP.MKTP.CD,5189197543645.38
JPN,Japan,2020,NE.EXP.GNFS.ZS,15.1286902986314
JPN,Japan,2020,NE.IMP.GNFS.ZS,15.3905323905959
JPN,Japan,2021,NE.TRD.GNFS.ZS,35.4253927340539
JPN,Japan,2021,NY.GDP.MKTP.CD,5225933520753.1
JPN,Japan,2021,NE.EXP.GNFS.ZS,17.4619853799579
JPN,Japan,2021,NE.IMP.GNFS.ZS,17.963407354096
JPN,Japan,2022,NE.TRD.GNFS.ZS,44.86063102004
JPN,Japan,2022,NY.GDP.MKTP.CD,4447976207314.78
JPN,Japan,2022,NE.EXP.GNFS.ZS,20.647867347033
JPN,Japan,2022,NE.IMP.GNFS.ZS,24.212763673007
JPN,Japan,2023,NE.TRD.GNFS.ZS,43.5950833802735
JPN,Japan,2023,NY.GDP.MKTP.CD,4384854269961.93
JPN,Japan,2023,NE.EXP.GNFS.ZS,21.0593101343597
JPN,Japan,2023,NE.IMP.GNFS.ZS,22.5357732459138
JPN,Japan,2024,NE.TRD.GNFS.ZS,44.8529388577573
JPN,Japan,2024,NY.GDP.MKTP.CD,4190008188358.57
JPN,Japan,2024,NE.EXP.GNFS.ZS,21.9799093698461
JPN,Japan,2024,NE.IMP.GNFS.ZS,22.8730294879112
JPN,Japan,2025,NY.GDP.MKTP.CD,4435162999976.94
KOR,"Korea, Rep.",1995,NE.TRD.GNFS.ZS,51.3967337856387
KOR,"Korea, Rep.",1995,NY.GDP.MKTP.CD,586286469400.665
KOR,"Korea, Rep.",1995,NE.EXP.GNFS.ZS,25.0908528792617
KOR,"Korea, Rep.",1995,NE.IMP.GNFS.ZS,26.305880906377
KOR,"Korea, Rep.",1996,NE.TRD.GNFS.ZS,51.6134521171463
KOR,"Korea, Rep.",1996,NY.GDP.MKTP.CD,631196863758.281
KOR,"Korea, Rep.",1996,NE.EXP.GNFS.ZS,24.1509711908027
KOR,"Korea, Rep.",1996,NE.IMP.GNFS.ZS,27.4624809263436
KOR,"Korea, Rep.",1997,NE.TRD.GNFS.ZS,55.894947743273
KOR,"Korea, Rep.",1997,NY.GDP.MKTP.CD,589202526424.141
KOR,"Korea, Rep.",1997,NE.EXP.GNFS.ZS,27.4728903732725
KOR,"Korea, Rep.",1997,NE.IMP.GNFS.ZS,28.4220573700005
KOR,"Korea, Rep.",1998,NE.TRD.GNFS.ZS,66.3289851108207
KOR,"Korea, Rep.",1998,NY.GDP.MKTP.CD,397297216492.19
KOR,"Korea, Rep.",1998,NE.EXP.GNFS.ZS,38.2368909900718
KOR,"Korea, Rep.",1998,NE.IMP.GNFS.ZS,28.0920941207489
KOR,"Korea, Rep.",1999,NE.TRD.GNFS.ZS,57.8948578896383
KOR,"Korea, Rep.",1999,NY.GDP.MKTP.CD,515697079289.011
KOR,"Korea, Rep.",1999,NE.EXP.GNFS.ZS,31.5122613381554
KOR,"Korea, Rep.",1999,NE.IMP.GNFS.ZS,26.3825965514828
KOR,"Korea, Rep.",2000,NE.TRD.GNFS.ZS,64.0588155729056
KOR,"Korea, Rep.",2000,NY.GDP.MKTP.CD,597487173479.109
KOR,"Korea, Rep.",2000,NE.EXP.GNFS.ZS,32.8643016483147
KOR,"Korea, Rep.",2000,NE.IMP.GNFS.ZS,31.1945139245909
KOR,"Korea, Rep.",2001,NE.TRD.GNFS.ZS,60.4277386641693
KOR,"Korea, Rep.",2001,NY.GDP.MKTP.CD,567564806235.441
KOR,"Korea, Rep.",2001,NE.EXP.GNFS.ZS,30.8628730280238
KOR,"Korea, Rep.",2001,NE.IMP.GNFS.ZS,29.5648656361455
KOR,"Korea, Rep.",2002,NE.TRD.GNFS.ZS,56.6688767960273
KOR,"Korea, Rep.",2002,NY.GDP.MKTP.CD,650014391470.21
KOR,"Korea, Rep.",2002,NE.EXP.GNFS.ZS,28.869081069037
KOR,"Korea, Rep.",2002,NE.IMP.GNFS.ZS,27.7997957269903
KOR,"Korea, Rep.",2003,NE.TRD.GNFS.ZS,59.4242945541732
KOR,"Korea, Rep.",2003,NY.GDP.MKTP.CD,728516494684.269
KOR,"Korea, Rep.",2003,NE.EXP.GNFS.ZS,30.4447497818826
KOR,"Korea, Rep.",2003,NE.IMP.GNFS.ZS,28.9795447722905
KOR,"Korea, Rep.",2004,NE.TRD.GNFS.ZS,67.9270638751076
KOR,"Korea, Rep.",2004,NY.GDP.MKTP.CD,823251107638.814
KOR,"Korea, Rep.",2004,NE.EXP.GNFS.ZS,35.6099304973786
KOR,"Korea, Rep.",2004,NE.IMP.GNFS.ZS,32.317133377729
KOR,"Korea, Rep.",2005,NE.TRD.GNFS.ZS,66.1695148242697
KOR,"Korea, Rep.",2005,NY.GDP.MKTP.CD,971740329983.878
KOR,"Korea, Rep.",2005,NE.EXP.GNFS.ZS,34.1271966602876
KOR,"Korea, Rep.",2005,NE.IMP.GNFS.ZS,32.0423181639821
KOR,"Korea, Rep.",2006,NE.TRD.GNFS.ZS,68.3749509402263
KOR,"Korea, Rep.",2006,NY.GDP.MKTP.CD,1095175538508.19
KOR,"Korea, Rep.",2006,NE.EXP.GNFS.ZS,34.4457182771661
KOR,"Korea, Rep.",2006,NE.IMP.GNFS.ZS,33.9292326630601
KOR,"Korea, Rep.",2007,NE.TRD.GNFS.ZS,71.3239614988013
KOR,"Korea, Rep.",2007,NY.GDP.MKTP.CD,1220911904593.06
KOR,"Korea, Rep.",2007,NE.EXP.GNFS.ZS,36.0414909532161
KOR,"Korea, Rep.",2007,NE.IMP.GNFS.ZS,35.2824705455852
KOR,"Korea, Rep.",2008,NE.TRD.GNFS.ZS,92.0833544961819
KOR,"Korea, Rep.",2008,NY.GDP.MKTP.CD,1091580692542.34
KOR,"Korea, Rep.",2008,NE.EXP.GNFS.ZS,45.8471508377288
KOR,"Korea, Rep.",2008,NE.IMP.GNFS.ZS,46.2362036584532
KOR,"Korea, Rep.",2009,NE.TRD.GNFS.ZS,83.1246099057162
KOR,"Korea, Rep.",2009,NY.GDP.MKTP.CD,983065242417.36
KOR,"Korea, Rep.",2009,NE.EXP.GNFS.ZS,43.5106195264818
KOR,"Korea, Rep.",2009,NE.IMP.GNFS.ZS,39.6139903792344
KOR,"Korea, Rep.",2010,NE.TRD.GNFS.ZS,88.0278677123124
KOR,"Korea, Rep.",2010,NY.GDP.MKTP.CD,1192830015737.68
KOR,"Korea, Rep.",2010,NE.EXP.GNFS.ZS,45.2718606886955
KOR,"Korea, Rep.",2010,NE.IMP.GNFS.ZS,42.7560070236169
KOR,"Korea, Rep.",2011,NE.TRD.GNFS.ZS,101.68061646213
KOR,"Korea, Rep.",2011,NY.GDP.MKTP.CD,1307103477219.1
KOR,"Korea, Rep.",2011,NE.EXP.GNFS.ZS,51.2813207677942
KOR,"Korea, Rep.",2011,NE.IMP.GNFS.ZS,50.3992956943359
KOR,"Korea, Rep.",2012,NE.TRD.GNFS.ZS,101.51727207905
KOR,"Korea, Rep.",2012,NY.GDP.MKTP.CD,1335343586437.67
KOR,"Korea, Rep.",2012,NE.EXP.GNFS.ZS,52.0235312085188
KOR,"Korea, Rep.",2012,NE.IMP.GNFS.ZS,49.4937408705314
KOR,"Korea, Rep.",2013,NE.TRD.GNFS.ZS,94.1675235855873
KOR,"Korea, Rep.",2013,NY.GDP.MKTP.CD,1434669686501.84
KOR,"Korea, Rep.",2013,NE.EXP.GNFS.ZS,49.2338591040691
KOR,"Korea, Rep.",2013,NE.IMP.GNFS.ZS,44.9336644815181
KOR,"Korea, Rep.",2014,NE.TRD.GNFS.ZS,86.9342577972039
KOR,"Korea, Rep.",2014,NY.GDP.MKTP.CD,1556252422020.44
KOR,"Korea, Rep.",2014,NE.EXP.GNFS.ZS,45.7876203673052
KOR,"Korea, Rep.",2014,NE.IMP.GNFS.ZS,41.1466374298986
KOR,"Korea, Rep.",2015,NE.TRD.GNFS.ZS,75.3881774564907
KOR,"Korea, Rep.",2015,NY.GDP.MKTP.CD,1539212301135.55
KOR,"Korea, Rep.",2015,NE.EXP.GNFS.ZS,40.9681314540182
KOR,"Korea, Rep.",2015,NE.IMP.GNFS.ZS,34.4200460024725
KOR,"Korea, Rep.",2016,NE.TRD.GNFS.ZS,69.8997221316919
KOR,"Korea, Rep.",2016,NY.GDP.MKTP.CD,1579150518945.44
KOR,"Korea, Rep.",2016,NE.EXP.GNFS.ZS,38.1129875583911
KOR,"Korea, Rep.",2016,NE.IMP.GNFS.ZS,31.7867345733008
KOR,"Korea, Rep.",2017,NE.TRD.GNFS.ZS,73.1921408264016
KOR,"Korea, Rep.",2017,NY.GDP.MKTP.CD,1710196756713.17
KOR,"Korea, Rep.",2017,NE.EXP.GNFS.ZS,38.8488899920532
KOR,"Korea, Rep.",2017,NE.IMP.GNFS.ZS,34.3432508343484
KOR,"Korea, Rep.",2018,NE.TRD.GNFS.ZS,74.7075162140824
KOR,"Korea, Rep.",2018,NY.GDP.MKTP.CD,1824251454306.83
KOR,"Korea, Rep.",2018,NE.EXP.GNFS.ZS,39.4523497931837
KOR,"Korea, Rep.",2018,NE.IMP.GNFS.ZS,35.2551664208987
KOR,"Korea, Rep.",2019,NE.TRD.GNFS.ZS,71.4470632403511
KOR,"Korea, Rep.",2019,NY.GDP.MKTP.CD,1751045752054.63
KOR,"Korea, Rep.",2019,NE.EXP.GNFS.ZS,37.0413266370488
KOR,"Korea, Rep.",2019,NE.IMP.GNFS.ZS,34.4057366033023
KOR,"Korea, Rep.",2020,NE.TRD.GNFS.ZS,65.544957860621
KOR,"Korea, Rep.",2020,NY.GDP.MKTP.CD,1744070276373.34
KOR,"Korea, Rep.",2020,NE.EXP.GNFS.ZS,34.6152001987888
KOR,"Korea, Rep.",2020,NE.IMP.GNFS.ZS,30.9297576618322
KOR,"Korea, Rep.",2021,NE.TRD.GNFS.ZS,75.3063047610912
KOR,"Korea, Rep.",2021,NY.GDP.MKTP.CD,1942313560965.9
KOR,"Korea, Rep.",2021,NE.EXP.GNFS.ZS,39.3388192669479
KOR,"Korea, Rep.",2021,NE.IMP.GNFS.ZS,35.9674854941434
KOR,"Korea, Rep.",2022,NE.TRD.GNFS.ZS,90.5851475278549
KOR,"Korea, Rep.",2022,NY.GDP.MKTP.CD,1799363116866.52
KOR,"Korea, Rep.",2022,NE.EXP.GNFS.ZS,45.294860984133
KOR,"Korea, Rep.",2022,NE.IMP.GNFS.ZS,45.2902865437219
KOR,"Korea, Rep.",2023,NE.TRD.GNFS.ZS,82.2580090716629
KOR,"Korea, Rep.",2023,NY.GDP.MKTP.CD,1844800934391.54
KOR,"Korea, Rep.",2023,NE.EXP.GNFS.ZS,41.3214807367697
KOR,"Korea, Rep.",2023,NE.IMP.GNFS.ZS,40.9365283348931
KOR,"Korea, Rep.",2024,NE.TRD.GNFS.ZS,84.6424951192038
KOR,"Korea, Rep.",2024,NY.GDP.MKTP.CD,1875388209406.8
KOR,"Korea, Rep.",2024,NE.EXP.GNFS.ZS,44.3582383593234
KOR,"Korea, Rep.",2024,NE.IMP.GNFS.ZS,40.2842567598803
KOR,"Korea, Rep.",2025,NE.TRD.GNFS.ZS,86.3616006442431
KOR,"Korea, Rep.",2025,NY.GDP.MKTP.CD,1872374961553.15
KOR,"Korea, Rep.",2025,NE.EXP.GNFS.ZS,45.7630385215931
KOR,"Korea, Rep.",2025,NE.IMP.GNFS.ZS,40.5985621226499
RUS,Russian Federation,1995,NE.TRD.GNFS.ZS,55.1829054657257
RUS,Russian Federation,1995,NY.GDP.MKTP.CD,395537185734.854
RUS,Russian Federation,1995,NE.EXP.GNFS.ZS,29.2890113495619
RUS,Russian Federation,1995,NE.IMP.GNFS.ZS,25.8938941161638
RUS,Russian Federation,1996,NE.TRD.GNFS.ZS,47.922500819419
RUS,Russian Federation,1996,NY.GDP.MKTP.CD,391724890744.498
RUS,Russian Federation,1996,NE.EXP.GNFS.ZS,26.0729881302908
RUS,Russian Federation,1996,NE.IMP.GNFS.ZS,21.8495126891282
RUS,Russian Federation,1997,NE.TRD.GNFS.ZS,47.2569214100748
RUS,Russian Federation,1997,NY.GDP.MKTP.CD,404928954191.876
RUS,Russian Federation,1997,NE.EXP.GNFS.ZS,24.7298415292289
RUS,Russian Federation,1997,NE.IMP.GNFS.ZS,22.527079880846
RUS,Russian Federation,1998,NE.TRD.GNFS.ZS,55.7722532849766
RUS,Russian Federation,1998,NY.GDP.MKTP.CD,270955486862.442
RUS,Russian Federation,1998,NE.EXP.GNFS.ZS,31.22120547318
RUS,Russian Federation,1998,NE.IMP.GNFS.ZS,24.5510478117966
RUS,Russian Federation,1999,NE.TRD.GNFS.ZS,69.393281498812
RUS,Russian Federation,1999,NY.GDP.MKTP.CD,195907128350.934
RUS,Russian Federation,1999,NE.EXP.GNFS.ZS,43.2199685128244
RUS,Russian Federation,1999,NE.IMP.GNFS.ZS,26.1733129859875
RUS,Russian Federation,2000,NE.TRD.GNFS.ZS,68.0939070373555
RUS,Russian Federation,2000,NY.GDP.MKTP.CD,259710142196.943
RUS,Russian Federation,2000,NE.EXP.GNFS.ZS,44.0604413055146
RUS,Russian Federation,2000,NE.IMP.GNFS.ZS,24.0334657318409
RUS,Russian Federation,2001,NE.TRD.GNFS.ZS,61.1108586644206
RUS,Russian Federation,2001,NY.GDP.MKTP.CD,306602070620.5
RUS,Russian Federation,2001,NE.EXP.GNFS.ZS,36.8934935960337
RUS,Russian Federation,2001,NE.IMP.GNFS.ZS,24.2173650683869
RUS,Russian Federation,2002,NE.TRD.GNFS.ZS,59.6454457319607
RUS,Russian Federation,2002,NY.GDP.MKTP.CD,345470494417.863
RUS,Russian Federation,2002,NE.EXP.GNFS.ZS,35.2125940630626
RUS,Russian Federation,2002,NE.IMP.GNFS.ZS,24.432851668898
RUS,Russian Federation,2003,NE.TRD.GNFS.ZS,59.1282690076014
RUS,Russian Federation,2003,NY.GDP.MKTP.CD,430347420184.885
RUS,Russian Federation,2003,NE.EXP.GNFS.ZS,35.2499817757806
RUS,Russian Federation,2003,NE.IMP.GNFS.ZS,23.8782872318208
RUS,Russian Federation,2004,NE.TRD.GNFS.ZS,56.5818523984055
RUS,Russian Federation,2004,NY.GDP.MKTP.CD,591016690732.385
RUS,Russian Federation,2004,NE.EXP.GNFS.ZS,34.4178910554597
RUS,Russian Federation,2004,NE.IMP.GNFS.ZS,22.1639613429458
RUS,Russian Federation,2005,NE.TRD.GNFS.ZS,56.7132484905422
RUS,Russian Federation,2005,NY.GDP.MKTP.CD,764015973481.11
RUS,Russian Federation,2005,NE.EXP.GNFS.ZS,35.2030659651181
RUS,Russian Federation,2005,NE.IMP.GNFS.ZS,21.5101825254241
RUS,Russian Federation,2006,NE.TRD.GNFS.ZS,54.733401867266
RUS,Russian Federation,2006,NY.GDP.MKTP.CD,989932071352.543
RUS,Russian Federation,2006,NE.EXP.GNFS.ZS,33.7304754439762
RUS,Russian Federation,2006,NE.IMP.GNFS.ZS,21.0029264232898
RUS,Russian Federation,2007,NE.TRD.GNFS.ZS,51.7061227454606
RUS,Russian Federation,2007,NY.GDP.MKTP.CD,1299703478481.65
RUS,Russian Federation,2007,NE.EXP.GNFS.ZS,30.164060484537
RUS,Russian Federation,2007,NE.IMP.GNFS.ZS,21.5420622609236
RUS,Russian Federation,2008,NE.TRD.GNFS.ZS,53.3824660408908
RUS,Russian Federation,2008,NY.GDP.MKTP.CD,1660848058303.11
RUS,Russian Federation,2008,NE.EXP.GNFS.ZS,31.3095603335689
RUS,Russian Federation,2008,NE.IMP.GNFS.ZS,22.072905707322
RUS,Russian Federation,2009,NE.TRD.GNFS.ZS,48.4350610278181
RUS,Russian Federation,2009,NY.GDP.MKTP.CD,1222645900055.7
RUS,Russian Federation,2009,NE.EXP.GNFS.ZS,27.9381012041521
RUS,Russian Federation,2009,NE.IMP.GNFS.ZS,20.496959823666
RUS,Russian Federation,2010,NE.TRD.GNFS.ZS,50.3555054872589
RUS,Russian Federation,2010,NY.GDP.MKTP.CD,1524916715223.95
RUS,Russian Federation,2010,NE.EXP.GNFS.ZS,29.2155607849758
RUS,Russian Federation,2010,NE.IMP.GNFS.ZS,21.1399447022831
RUS,Russian Federation,2011,NE.TRD.GNFS.ZS,48.0353994077919
RUS,Russian Federation,2011,NY.GDP.MKTP.CD,2045922753398.04
RUS,Russian Federation,2011,NE.EXP.GNFS.ZS,28.0553614798549
RUS,Russian Federation,2011,NE.IMP.GNFS.ZS,19.9800379279369
RUS,Russian Federation,2012,NE.TRD.GNFS.ZS,47.1513903857957
RUS,Russian Federation,2012,NY.GDP.MKTP.CD,2208293553878.42
RUS,Russian Federation,2012,NE.EXP.GNFS.ZS,26.9073203393663
RUS,Russian Federation,2012,NE.IMP.GNFS.ZS,20.2440700464294
RUS,Russian Federation,2013,NE.TRD.GNFS.ZS,46.287149400499
RUS,Russian Federation,2013,NY.GDP.MKTP.CD,2292470078346.22
RUS,Russian Federation,2013,NE.EXP.GNFS.ZS,25.845336826255
RUS,Russian Federation,2013,NE.IMP.GNFS.ZS,20.441812574244
RUS,Russian Federation,2014,NE.TRD.GNFS.ZS,47.8013412628116
RUS,Russian Federation,2014,NY.GDP.MKTP.CD,2059241589895.01
RUS,Russian Federation,2014,NE.EXP.GNFS.ZS,27.1110970517525
RUS,Russian Federation,2014,NE.IMP.GNFS.ZS,20.6902442110591
RUS,Russian Federation,2015,NE.TRD.GNFS.ZS,49.3593493116887
RUS,Russian Federation,2015,NY.GDP.MKTP.CD,1363482182197.71
RUS,Russian Federation,2015,NE.EXP.GNFS.ZS,28.703389442924
RUS,Russian Federation,2015,NE.IMP.GNFS.ZS,20.6559598687647
RUS,Russian Federation,2016,NE.TRD.GNFS.ZS,46.5181198396096
RUS,Russian Federation,2016,NY.GDP.MKTP.CD,1276786350881.14
RUS,Russian Federation,2016,NE.EXP.GNFS.ZS,25.8544829769167
RUS,Russian Federation,2016,NE.IMP.GNFS.ZS,20.6636368626929
RUS,Russian Federation,2017,NE.TRD.GNFS.ZS,46.8765243371311
RUS,Russian Federation,2017,NY.GDP.MKTP.CD,1574199360089
RUS,Russian Federation,2017,NE.EXP.GNFS.ZS,26.0908809797568
RUS,Russian Federation,2017,NE.IMP.GNFS.ZS,20.7856433573743
RUS,Russian Federation,2018,NE.TRD.GNFS.ZS,51.5809003703964
RUS,Russian Federation,2018,NY.GDP.MKTP.CD,1657328773461.31
RUS,Russian Federation,2018,NE.EXP.GNFS.ZS,30.7932568020743
RUS,Russian Federation,2018,NE.IMP.GNFS.ZS,20.7876435683221
RUS,Russian Federation,2019,NE.TRD.GNFS.ZS,49.2287536619033
RUS,Russian Federation,2019,NY.GDP.MKTP.CD,1693115002708.32
RUS,Russian Federation,2019,NE.EXP.GNFS.ZS,28.4334306799759
RUS,Russian Federation,2019,NE.IMP.GNFS.ZS,20.7953229819275
RUS,Russian Federation,2020,NE.TRD.GNFS.ZS,45.9669082029127
RUS,Russian Federation,2020,NY.GDP.MKTP.CD,1493075894362.14
RUS,Russian Federation,2020,NE.EXP.GNFS.ZS,25.5221855113549
RUS,Russian Federation,2020,NE.IMP.GNFS.ZS,20.4447226915578
RUS,Russian Federation,2021,NE.TRD.GNFS.ZS,50.5861954621752
RUS,Russian Federation,2021,NY.GDP.MKTP.CD,1829186719575.1
RUS,Russian Federation,2021,NE.EXP.GNFS.ZS,30.0024195364041
RUS,Russian Federation,2021,NE.IMP.GNFS.ZS,20.5837759257711
RUS,Russian Federation,2022,NE.TRD.GNFS.ZS,42.7663082313349
RUS,Russian Federation,2022,NY.GDP.MKTP.CD,2292495097681.47
RUS,Russian Federation,2022,NE.EXP.GNFS.ZS,27.7096266135186
RUS,Russian Federation,2022,NE.IMP.GNFS.ZS,15.0566816178163
RUS,Russian Federation,2023,NE.TRD.GNFS.ZS,41.3395116492933
RUS,Russian Federation,2023,NY.GDP.MKTP.CD,2046284838151.09
RUS,Russian Federation,2023,NE.EXP.GNFS.ZS,22.7699393140297
RUS,Russian Federation,2023,NE.IMP.GNFS.ZS,18.5695723352636
RUS,Russian Federation,2024,NE.TRD.GNFS.ZS,39.4184058815423
RUS,Russian Federation,2024,NY.GDP.MKTP.CD,2186462268813.08
RUS,Russian Federation,2024,NE.EXP.GNFS.ZS,21.8563659146375
RUS,Russian Federation,2024,NE.IMP.GNFS.ZS,17.5620399669048
RUS,Russian Federation,2025,NE.TRD.GNFS.ZS,33.7100508676248
RUS,Russian Federation,2025,NY.GDP.MKTP.CD,2561310169358.74
RUS,Russian Federation,2025,NE.EXP.GNFS.ZS,18.2030774281844
RUS,Russian Federation,2025,NE.IMP.GNFS.ZS,15.5069734394404
SAU,Saudi Arabia,1995,NE.TRD.GNFS.ZS,65.0417272083752
SAU,Saudi Arabia,1995,NY.GDP.MKTP.CD,143343124165.554
SAU,Saudi Arabia,1995,NE.EXP.GNFS.ZS,37.3378413620953
SAU,Saudi Arabia,1995,NE.IMP.GNFS.ZS,27.7038858462799
SAU,Saudi Arabia,1996,NE.TRD.GNFS.ZS,66.653820067958
SAU,Saudi Arabia,1996,NY.GDP.MKTP.CD,158662483311.081
SAU,Saudi Arabia,1996,NE.EXP.GNFS.ZS,40.0228209447804
SAU,Saudi Arabia,1996,NE.IMP.GNFS.ZS,26.6309991231776
SAU,Saudi Arabia,1997,NE.TRD.GNFS.ZS,65.1880669440449
SAU,Saudi Arabia,1997,NY.GDP.MKTP.CD,165963684913.218
SAU,Saudi Arabia,1997,NE.EXP.GNFS.ZS,39.1585979206286
SAU,Saudi Arabia,1997,NE.IMP.GNFS.ZS,26.0294690234163
SAU,Saudi Arabia,1998,NE.TRD.GNFS.ZS,56.0883926105725
SAU,Saudi Arabia,1998,NY.GDP.MKTP.CD,146775466666.667
SAU,Saudi Arabia,1998,NE.EXP.GNFS.ZS,29.6323817967762
SAU,Saudi Arabia,1998,NE.IMP.GNFS.ZS,26.4560108137963
SAU,Saudi Arabia,1999,NE.TRD.GNFS.ZS,57.8460488194196
SAU,Saudi Arabia,1999,NY.GDP.MKTP.CD,161717066666.667
SAU,Saudi Arabia,1999,NE.EXP.GNFS.ZS,34.6664709888381
SAU,Saudi Arabia,1999,NE.IMP.GNFS.ZS,23.1795778305815
SAU,Saudi Arabia,2000,NE.TRD.GNFS.ZS,68.1664488005167
SAU,Saudi Arabia,2000,NY.GDP.MKTP.CD,189514933333.333
SAU,Saudi Arabia,2000,NE.EXP.GNFS.ZS,43.4052690306903
SAU,Saudi Arabia,2000,NE.IMP.GNFS.ZS,24.7611797698264
SAU,Saudi Arabia,2001,NE.TRD.GNFS.ZS,63.5605836794513
SAU,Saudi Arabia,2001,NY.GDP.MKTP.CD,184137600000
SAU,Saudi Arabia,2001,NE.EXP.GNFS.ZS,39.633694222871
SAU,Saudi Arabia,2001,NE.IMP.GNFS.ZS,23.9268894565803
SAU,Saudi Arabia,2002,NE.TRD.GNFS.ZS,64.5927974099254
SAU,Saudi Arabia,2002,NY.GDP.MKTP.CD,189605866666.667
SAU,Saudi Arabia,2002,NE.EXP.GNFS.ZS,40.94880327191
SAU,Saudi Arabia,2002,NE.IMP.GNFS.ZS,23.6439941380154
SAU,Saudi Arabia,2003,NE.TRD.GNFS.ZS,69.831170708742
SAU,Saudi Arabia,2003,NY.GDP.MKTP.CD,215807733333.333
SAU,Saudi Arabia,2003,NE.EXP.GNFS.ZS,45.8541491871159
SAU,Saudi Arabia,2003,NE.IMP.GNFS.ZS,23.977021521626
SAU,Saudi Arabia,2004,NE.TRD.GNFS.ZS,75.0828366569341
SAU,Saudi Arabia,2004,NY.GDP.MKTP.CD,258742133333.333
SAU,Saudi Arabia,2004,NE.EXP.GNFS.ZS,50.9853310838178
SAU,Saudi Arabia,2004,NE.IMP.GNFS.ZS,24.0975055731163
SAU,Saudi Arabia,2005,NE.TRD.GNFS.ZS,81.9540759410158
SAU,Saudi Arabia,2005,NY.GDP.MKTP.CD,328459608764.111
SAU,Saudi Arabia,2005,NE.EXP.GNFS.ZS,57.050742989557
SAU,Saudi Arabia,2005,NE.IMP.GNFS.ZS,24.9033329514589
SAU,Saudi Arabia,2006,NE.TRD.GNFS.ZS,89.9446046768984
SAU,Saudi Arabia,2006,NY.GDP.MKTP.CD,376900133511.348
SAU,Saudi Arabia,2006,NE.EXP.GNFS.ZS,59.8319082445442
SAU,Saudi Arabia,2006,NE.IMP.GNFS.ZS,30.1126964323542
SAU,Saudi Arabia,2007,NE.TRD.GNFS.ZS,94.8633170967657
SAU,Saudi Arabia,2007,NY.GDP.MKTP.CD,415964509673.115
SAU,Saudi Arabia,2007,NE.EXP.GNFS.ZS,59.9374401392842
SAU,Saudi Arabia,2007,NE.IMP.GNFS.ZS,34.9258769574815
SAU,Saudi Arabia,2008,NE.TRD.GNFS.ZS,96.1026308742185
SAU,Saudi Arabia,2008,NY.GDP.MKTP.CD,519796800000
SAU,Saudi Arabia,2008,NE.EXP.GNFS.ZS,62.1115020331022
SAU,Saudi Arabia,2008,NE.IMP.GNFS.ZS,33.9911288411164
SAU,Saudi Arabia,2009,NE.TRD.GNFS.ZS,84.8583415624843
SAU,Saudi Arabia,2009,NY.GDP.MKTP.CD,429097866666.667
SAU,Saudi Arabia,2009,NE.EXP.GNFS.ZS,47.0886206534391
SAU,Saudi Arabia,2009,NE.IMP.GNFS.ZS,37.7697209090451
SAU,Saudi Arabia,2010,NE.TRD.GNFS.ZS,82.5496850227537
SAU,Saudi Arabia,2010,NY.GDP.MKTP.CD,528207466666.667
SAU,Saudi Arabia,2010,NE.EXP.GNFS.ZS,49.5697145263124
SAU,Saudi Arabia,2010,NE.IMP.GNFS.ZS,32.9799704964413
SAU,Saudi Arabia,2011,NE.TRD.GNFS.ZS,84.3594342438995
SAU,Saudi Arabia,2011,NY.GDP.MKTP.CD,680660800000
SAU,Saudi Arabia,2011,NE.EXP.GNFS.ZS,55.2733461365779
SAU,Saudi Arabia,2011,NE.IMP.GNFS.ZS,29.0860881073216
SAU,Saudi Arabia,2012,NE.TRD.GNFS.ZS,81.74067854616
SAU,Saudi Arabia,2012,NY.GDP.MKTP.CD,751921333333.333
SAU,Saudi Arabia,2012,NE.EXP.GNFS.ZS,53.1198476436365
SAU,Saudi Arabia,2012,NE.IMP.GNFS.ZS,28.6208309025235
SAU,Saudi Arabia,2013,NE.TRD.GNFS.ZS,80.2515014286783
SAU,Saudi Arabia,2013,NY.GDP.MKTP.CD,769755733333.333
SAU,Saudi Arabia,2013,NE.EXP.GNFS.ZS,50.3725164415794
SAU,Saudi Arabia,2013,NE.IMP.GNFS.ZS,29.8789849870989
SAU,Saudi Arabia,2014,NE.TRD.GNFS.ZS,78.000111117736
SAU,Saudi Arabia,2014,NY.GDP.MKTP.CD,787153066666.667
SAU,Saudi Arabia,2014,NE.EXP.GNFS.ZS,45.0958458227862
SAU,Saudi Arabia,2014,NE.IMP.GNFS.ZS,32.9042652949498
SAU,Saudi Arabia,2015,NE.TRD.GNFS.ZS,67.105269230059207
SAU,Saudi Arabia,2015,NY.GDP.MKTP.CD,693414400000
SAU,Saudi Arabia,2015,NE.EXP.GNFS.ZS,31.4401316153804
SAU,Saudi Arabia,2015,NE.IMP.GNFS.ZS,35.6651376146789
SAU,Saudi Arabia,2016,NE.TRD.GNFS.ZS,57.9216635110364
SAU,Saudi Arabia,2016,NY.GDP.MKTP.CD,689279466666.667
SAU,Saudi Arabia,2016,NE.EXP.GNFS.ZS,29.1430897114591
SAU,Saudi Arabia,2016,NE.IMP.GNFS.ZS,28.7785737995774
SAU,Saudi Arabia,2017,NE.TRD.GNFS.ZS,59.5319791578229
SAU,Saudi Arabia,2017,NY.GDP.MKTP.CD,741266133333.333
SAU,Saudi Arabia,2017,NE.EXP.GNFS.ZS,32.3625378991189
SAU,Saudi Arabia,2017,NE.IMP.GNFS.ZS,27.169441258704
SAU,Saudi Arabia,2018,NE.TRD.GNFS.ZS,59.1029104697141
SAU,Saudi Arabia,2018,NY.GDP.MKTP.CD,886564800000
SAU,Saudi Arabia,2018,NE.EXP.GNFS.ZS,35.5209831625769
SAU,Saudi Arabia,2018,NE.IMP.GNFS.ZS,23.5819273071372
SAU,Saudi Arabia,2019,NE.TRD.GNFS.ZS,56.7938204886513
SAU,Saudi Arabia,2019,NY.GDP.MKTP.CD,888890133333.333
SAU,Saudi Arabia,2019,NE.EXP.GNFS.ZS,32.159204977113
SAU,Saudi Arabia,2019,NE.IMP.GNFS.ZS,24.6346155115383
SAU,Saudi Arabia,2020,NE.TRD.GNFS.ZS,47.533159225048
SAU,Saudi Arabia,2020,NY.GDP.MKTP.CD,767951200000
SAU,Saudi Arabia,2020,NE.EXP.GNFS.ZS,23.8098115262185
SAU,Saudi Arabia,2020,NE.IMP.GNFS.ZS,23.7233476988295
SAU,Saudi Arabia,2021,NE.TRD.GNFS.ZS,50.8839263398787
SAU,Saudi Arabia,2021,NY.GDP.MKTP.CD,982661066666.667
SAU,Saudi Arabia,2021,NE.EXP.GNFS.ZS,29.1556614026837
SAU,Saudi Arabia,2021,NE.IMP.GNFS.ZS,21.728264937195
SAU,Saudi Arabia,2022,NE.TRD.GNFS.ZS,56.8241647749332
SAU,Saudi Arabia,2022,NY.GDP.MKTP.CD,1239075200000
SAU,Saudi Arabia,2022,NE.EXP.GNFS.ZS,35.9850098955522
SAU,Saudi Arabia,2022,NE.IMP.GNFS.ZS,20.839154879381
SAU,Saudi Arabia,2023,NE.TRD.GNFS.ZS,55.7974682325487
SAU,Saudi Arabia,2023,NY.GDP.MKTP.CD,1218584800000
SAU,Saudi Arabia,2023,NE.EXP.GNFS.ZS,30.7559610678442
SAU,Saudi Arabia,2023,NE.IMP.GNFS.ZS,25.041507164704502
SAU,Saudi Arabia,2024,NE.TRD.GNFS.ZS,56.4049374147889
SAU,Saudi Arabia,2024,NY.GDP.MKTP.CD,1254140800000
SAU,Saudi Arabia,2024,NE.EXP.GNFS.ZS,29.3880027930942
SAU,Saudi Arabia,2024,NE.IMP.GNFS.ZS,27.0169346216948
SAU,Saudi Arabia,2025,NE.TRD.GNFS.ZS,57.9182238579808
SAU,Saudi Arabia,2025,NY.GDP.MKTP.CD,1276942933333.33
SAU,Saudi Arabia,2025,NE.EXP.GNFS.ZS,29.7448740074211
SAU,Saudi Arabia,2025,NE.IMP.GNFS.ZS,28.1733498505598
TUR,Turkiye,1995,NE.TRD.GNFS.ZS,35.9924804952774
TUR,Turkiye,1995,NY.GDP.MKTP.CD,234699627004.035
TUR,Turkiye,1995,NE.EXP.GNFS.ZS,18.3238507569896
TUR,Turkiye,1995,NE.IMP.GNFS.ZS,17.6686297382878
TUR,Turkiye,1996,NE.TRD.GNFS.ZS,39.6477180344549
TUR,Turkiye,1996,NY.GDP.MKTP.CD,250366965174.129
TUR,Turkiye,1996,NE.EXP.GNFS.ZS,19.5581113911938
TUR,Turkiye,1996,NE.IMP.GNFS.ZS,20.0896066432611
TUR,Turkiye,1997,NE.TRD.GNFS.ZS,42.7610666826994
TUR,Turkiye,1997,NY.GDP.MKTP.CD,263817553748.395
TUR,Turkiye,1997,NE.EXP.GNFS.ZS,21.4390354082889
TUR,Turkiye,1997,NE.IMP.GNFS.ZS,21.3220312744105
TUR,Turkiye,1998,NE.TRD.GNFS.ZS,40.3769887377902
TUR,Turkiye,1998,NY.GDP.MKTP.CD,276035372654.608
TUR,Turkiye,1998,NE.EXP.GNFS.ZS,20.6544822015948
TUR,Turkiye,1998,NE.IMP.GNFS.ZS,19.7225065361954
TUR,Turkiye,1999,NE.TRD.GNFS.ZS,37.6665043273244
TUR,Turkiye,1999,NY.GDP.MKTP.CD,256673939247.773
TUR,Turkiye,1999,NE.EXP.GNFS.ZS,18.8307575753475
TUR,Turkiye,1999,NE.IMP.GNFS.ZS,18.8357467519768
TUR,Turkiye,2000,NE.TRD.GNFS.ZS,42.3746746988077
TUR,Turkiye,2000,NY.GDP.MKTP.CD,274748463178.502
TUR,Turkiye,2000,NE.EXP.GNFS.ZS,19.9334162657424
TUR,Turkiye,2000,NE.IMP.GNFS.ZS,22.4412584330653
TUR,Turkiye,2001,NE.TRD.GNFS.ZS,49.9447830679013
TUR,Turkiye,2001,NY.GDP.MKTP.CD,202195080239.036
TUR,Turkiye,2001,NE.EXP.GNFS.ZS,27.2970601933763
TUR,Turkiye,2001,NE.IMP.GNFS.ZS,22.6477228745251
TUR,Turkiye,2002,NE.TRD.GNFS.ZS,48.1026101234402
TUR,Turkiye,2002,NY.GDP.MKTP.CD,240778008473.845
TUR,Turkiye,2002,NE.EXP.GNFS.ZS,25.2651261294128
TUR,Turkiye,2002,NE.IMP.GNFS.ZS,22.8374839940274
TUR,Turkiye,2003,NE.TRD.GNFS.ZS,46.3681553387846
TUR,Turkiye,2003,NY.GDP.MKTP.CD,315392899922.379
TUR,Turkiye,2003,NE.EXP.GNFS.ZS,23.1946607252779
TUR,Turkiye,2003,NE.IMP.GNFS.ZS,23.1734946135067
TUR,Turkiye,2004,NE.TRD.GNFS.ZS,48.9934575435266
TUR,Turkiye,2004,NY.GDP.MKTP.CD,410156784495.948
TUR,Turkiye,2004,NE.EXP.GNFS.ZS,23.8544386839448
TUR,Turkiye,2004,NE.IMP.GNFS.ZS,25.1390188595817
TUR,Turkiye,2005,NE.TRD.GNFS.ZS,46.3088308846211
TUR,Turkiye,2005,NY.GDP.MKTP.CD,508314210212.544
TUR,Turkiye,2005,NE.EXP.GNFS.ZS,22.118798245903
TUR,Turkiye,2005,NE.IMP.GNFS.ZS,24.1900326387181
TUR,Turkiye,2006,NE.TRD.GNFS.ZS,48.9456766641314
TUR,Turkiye,2006,NY.GDP.MKTP.CD,559668118237.002
TUR,Turkiye,2006,NE.EXP.GNFS.ZS,22.6756853295786
TUR,Turkiye,2006,NE.IMP.GNFS.ZS,26.2699913345528
TUR,Turkiye,2007,NE.TRD.GNFS.ZS,48.027468179713
TUR,Turkiye,2007,NY.GDP.MKTP.CD,685228481017.03
TUR,Turkiye,2007,NE.EXP.GNFS.ZS,22.1875803331528
TUR,Turkiye,2007,NE.IMP.GNFS.ZS,25.8398878465602
TUR,Turkiye,2008,NE.TRD.GNFS.ZS,50.7612500066681
TUR,Turkiye,2008,NY.GDP.MKTP.CD,775415944332.866
TUR,Turkiye,2008,NE.EXP.GNFS.ZS,23.9213779600098
TUR,Turkiye,2008,NE.IMP.GNFS.ZS,26.8398720466583
TUR,Turkiye,2009,NE.TRD.GNFS.ZS,47.0391385732199
TUR,Turkiye,2009,NY.GDP.MKTP.CD,653894449921.288
TUR,Turkiye,2009,NE.EXP.GNFS.ZS,23.7578595278795
TUR,Turkiye,2009,NE.IMP.GNFS.ZS,23.2812790453404
TUR,Turkiye,2010,NE.TRD.GNFS.ZS,46.9433366709891
TUR,Turkiye,2010,NY.GDP.MKTP.CD,782545664268.333
TUR,Turkiye,2010,NE.EXP.GNFS.ZS,21.5899457839207
TUR,Turkiye,2010,NE.IMP.GNFS.ZS,25.3533908870685
TUR,Turkiye,2011,NE.TRD.GNFS.ZS,53.651583897618
TUR,Turkiye,2011,NY.GDP.MKTP.CD,844192507380.795
TUR,Turkiye,2011,NE.EXP.GNFS.ZS,23.4903574412774
TUR,Turkiye,2011,NE.IMP.GNFS.ZS,30.1612264563406
TUR,Turkiye,2012,NE.TRD.GNFS.ZS,53.3277612968607
TUR,Turkiye,2012,NY.GDP.MKTP.CD,885327622479.052
TUR,Turkiye,2012,NE.EXP.GNFS.ZS,24.9658181147838
TUR,Turkiye,2012,NE.IMP.GNFS.ZS,28.3619431820769
TUR,Turkiye,2013,NE.TRD.GNFS.ZS,53.0683530043043
TUR,Turkiye,2013,NY.GDP.MKTP.CD,962167643588.925
TUR,Turkiye,2013,NE.EXP.GNFS.ZS,24.403259811358
TUR,Turkiye,2013,NE.IMP.GNFS.ZS,28.6650931929463
TUR,Turkiye,2014,NE.TRD.GNFS.ZS,54.30677404128
TUR,Turkiye,2014,NY.GDP.MKTP.CD,942343431928.654
TUR,Turkiye,2014,NE.EXP.GNFS.ZS,25.8173246854016
TUR,Turkiye,2014,NE.IMP.GNFS.ZS,28.4894493558784
TUR,Turkiye,2015,NE.TRD.GNFS.ZS,51.8749252596832
TUR,Turkiye,2015,NY.GDP.MKTP.CD,865460050683.656
TUR,Turkiye,2015,NE.EXP.GNFS.ZS,25.280784580735
TUR,Turkiye,2015,NE.IMP.GNFS.ZS,26.5941406789482
TUR,Turkiye,2016,NE.TRD.GNFS.ZS,48.870183807987
TUR,Turkiye,2016,NY.GDP.MKTP.CD,870818016909.84
TUR,Turkiye,2016,NE.EXP.GNFS.ZS,23.6322024334399
TUR,Turkiye,2016,NE.IMP.GNFS.ZS,25.2379813745471
TUR,Turkiye,2017,NE.TRD.GNFS.ZS,56.1356585158689
TUR,Turkiye,2017,NY.GDP.MKTP.CD,863874522365.276
TUR,Turkiye,2017,NE.EXP.GNFS.ZS,26.5394989930636
TUR,Turkiye,2017,NE.IMP.GNFS.ZS,29.5961595228053
TUR,Turkiye,2018,NE.TRD.GNFS.ZS,62.8251323851165
TUR,Turkiye,2018,NY.GDP.MKTP.CD,788356985773.667
TUR,Turkiye,2018,NE.EXP.GNFS.ZS,31.7278536539697
TUR,Turkiye,2018,NE.IMP.GNFS.ZS,31.0972787311468
TUR,Turkiye,2019,NE.TRD.GNFS.ZS,62.5784589326239
TUR,Turkiye,2019,NY.GDP.MKTP.CD,775853144222.613
TUR,Turkiye,2019,NE.EXP.GNFS.ZS,33.0298811646869
TUR,Turkiye,2019,NE.IMP.GNFS.ZS,29.548577767937
TUR,Turkiye,2020,NE.TRD.GNFS.ZS,60.389853117297
TUR,Turkiye,2020,NY.GDP.MKTP.CD,733628247119.077
TUR,Turkiye,2020,NE.EXP.GNFS.ZS,28.7400043468285
TUR,Turkiye,2020,NE.IMP.GNFS.ZS,31.6498487704686
TUR,Turkiye,2021,NE.TRD.GNFS.ZS,69.6088976086437
TUR,Turkiye,2021,NY.GDP.MKTP.CD,839938668172.134
TUR,Turkiye,2021,NE.EXP.GNFS.ZS,35.0536332850518
TUR,Turkiye,2021,NE.IMP.GNFS.ZS,34.5552643235919
TUR,Turkiye,2022,NE.TRD.GNFS.ZS,79.8982722314341
TUR,Turkiye,2022,NY.GDP.MKTP.CD,926097476913.818
TUR,Turkiye,2022,NE.EXP.GNFS.ZS,38.1412107474416
TUR,Turkiye,2022,NE.IMP.GNFS.ZS,41.7570614839925
TUR,Turkiye,2023,NE.TRD.GNFS.ZS,65.6832084738667
TUR,Turkiye,2023,NY.GDP.MKTP.CD,1141242864657.45
TUR,Turkiye,2023,NE.EXP.GNFS.ZS,31.9135926809724
TUR,Turkiye,2023,NE.IMP.GNFS.ZS,33.7696157928943
TUR,Turkiye,2024,NE.TRD.GNFS.ZS,54.5988061195916
TUR,Turkiye,2024,NY.GDP.MKTP.CD,1359123768774.12
TUR,Turkiye,2024,NE.EXP.GNFS.ZS,27.5682232095509
TUR,Turkiye,2024,NE.IMP.GNFS.ZS,27.0305829100406
TUR,Turkiye,2025,NE.TRD.GNFS.ZS,49.9346783626928
TUR,Turkiye,2025,NY.GDP.MKTP.CD,1597293229287
TUR,Turkiye,2025,NE.EXP.GNFS.ZS,24.8497719904256
TUR,Turkiye,2025,NE.IMP.GNFS.ZS,25.0849063722672
ARE,United Arab Emirates,1995,NY.GDP.MKTP.CD,65743604965.7557
ARE,United Arab Emirates,1996,NY.GDP.MKTP.CD,73571217376.7336
ARE,United Arab Emirates,1997,NY.GDP.MKTP.CD,78838886862.1575
ARE,United Arab Emirates,1998,NY.GDP.MKTP.CD,75674384204.7668
ARE,United Arab Emirates,1999,NY.GDP.MKTP.CD,84445399334.7235
ARE,United Arab Emirates,2000,NY.GDP.MKTP.CD,104337463730.167
ARE,United Arab Emirates,2001,NE.TRD.GNFS.ZS,89.8645875613427
ARE,United Arab Emirates,2001,NY.GDP.MKTP.CD,103311631797.329
ARE,United Arab Emirates,2001,NE.EXP.GNFS.ZS,49.1592295028153
ARE,United Arab Emirates,2001,NE.IMP.GNFS.ZS,40.7053580585274
ARE,United Arab Emirates,2002,NE.TRD.GNFS.ZS,93.0717523974279
ARE,United Arab Emirates,2002,NY.GDP.MKTP.CD,109816091078.603
ARE,United Arab Emirates,2002,NE.EXP.GNFS.ZS,49.5033971592168
ARE,United Arab Emirates,2002,NE.IMP.GNFS.ZS,43.5683552382112
ARE,United Arab Emirates,2003,NE.TRD.GNFS.ZS,102.300072318295
ARE,United Arab Emirates,2003,NY.GDP.MKTP.CD,124346476180.46
ARE,United Arab Emirates,2003,NE.EXP.GNFS.ZS,55.9231460950632
ARE,United Arab Emirates,2003,NE.IMP.GNFS.ZS,46.3769262232323
ARE,United Arab Emirates,2004,NE.TRD.GNFS.ZS,116.622707480689
ARE,United Arab Emirates,2004,NY.GDP.MKTP.CD,147824249957.985
ARE,United Arab Emirates,2004,NE.EXP.GNFS.ZS,63.5677815721966
ARE,United Arab Emirates,2004,NE.IMP.GNFS.ZS,53.0549259084921
ARE,United Arab Emirates,2005,NE.TRD.GNFS.ZS,119.55287164912
ARE,United Arab Emirates,2005,NY.GDP.MKTP.CD,180617467954.23
ARE,United Arab Emirates,2005,NE.EXP.GNFS.ZS,67.5853113937653
ARE,United Arab Emirates,2005,NE.IMP.GNFS.ZS,51.9675602553546
ARE,United Arab Emirates,2006,NE.TRD.GNFS.ZS,119.47067436604
ARE,United Arab Emirates,2006,NY.GDP.MKTP.CD,222116532963.026
ARE,United Arab Emirates,2006,NE.EXP.GNFS.ZS,68.6278004220408
ARE,United Arab Emirates,2006,NE.IMP.GNFS.ZS,50.842873943999
ARE,United Arab Emirates,2007,NE.TRD.GNFS.ZS,136.798144727699
ARE,United Arab Emirates,2007,NY.GDP.MKTP.CD,257916148767.436
ARE,United Arab Emirates,2007,NE.EXP.GNFS.ZS,72.3840931942051
ARE,United Arab Emirates,2007,NE.IMP.GNFS.ZS,64.4140515334937
ARE,United Arab Emirates,2008,NE.TRD.GNFS.ZS,148.513544024487
ARE,United Arab Emirates,2008,NY.GDP.MKTP.CD,315474615741.223
ARE,United Arab Emirates,2008,NE.EXP.GNFS.ZS,78.8678887008838
ARE,United Arab Emirates,2008,NE.IMP.GNFS.ZS,69.6456553236032
ARE,United Arab Emirates,2009,NE.TRD.GNFS.ZS,153.461944358762
ARE,United Arab Emirates,2009,NY.GDP.MKTP.CD,253547358746.804
ARE,United Arab Emirates,2009,NE.EXP.GNFS.ZS,79.6533178623883
ARE,United Arab Emirates,2009,NE.IMP.GNFS.ZS,73.8086264963738
ARE,United Arab Emirates,2010,NE.TRD.GNFS.ZS,135.485740301669
ARE,United Arab Emirates,2010,NY.GDP.MKTP.CD,307736348527.33
ARE,United Arab Emirates,2010,NE.EXP.GNFS.ZS,77.4455521760851
ARE,United Arab Emirates,2010,NE.IMP.GNFS.ZS,58.040188125584
ARE,United Arab Emirates,2011,NE.TRD.GNFS.ZS,144.176829734392
ARE,United Arab Emirates,2011,NY.GDP.MKTP.CD,368881033962.57
ARE,United Arab Emirates,2011,NE.EXP.GNFS.ZS,85.6286738245297
ARE,United Arab Emirates,2011,NE.IMP.GNFS.ZS,58.5481559098621
ARE,United Arab Emirates,2012,NE.TRD.GNFS.ZS,156.637656972961
ARE,United Arab Emirates,2012,NY.GDP.MKTP.CD,392793559050.783
ARE,United Arab Emirates,2012,NE.EXP.GNFS.ZS,95.6008433485867
ARE,United Arab Emirates,2012,NE.IMP.GNFS.ZS,61.036813624374
ARE,United Arab Emirates,2013,NE.TRD.GNFS.ZS,157.398122639247
ARE,United Arab Emirates,2013,NY.GDP.MKTP.CD,409632574702.715
ARE,United Arab Emirates,2013,NE.EXP.GNFS.ZS,95.755207057533
ARE,United Arab Emirates,2013,NE.IMP.GNFS.ZS,61.6429155817142
ARE,United Arab Emirates,2014,NE.TRD.GNFS.ZS,159.515630313713
ARE,United Arab Emirates,2014,NY.GDP.MKTP.CD,424935834104.193
ARE,United Arab Emirates,2014,NE.EXP.GNFS.ZS,94.7738651442525
ARE,United Arab Emirates,2014,NE.IMP.GNFS.ZS,64.7417651694601
ARE,United Arab Emirates,2015,NE.TRD.GNFS.ZS,164.286142899252
ARE,United Arab Emirates,2015,NY.GDP.MKTP.CD,381973135513.065
ARE,United Arab Emirates,2015,NE.EXP.GNFS.ZS,93.8625203312699
ARE,United Arab Emirates,2015,NE.IMP.GNFS.ZS,70.4236225679817
ARE,United Arab Emirates,2016,NE.TRD.GNFS.ZS,165.394966240337
ARE,United Arab Emirates,2016,NY.GDP.MKTP.CD,381717208620.964
ARE,United Arab Emirates,2016,NE.EXP.GNFS.ZS,94.4747232332881
ARE,United Arab Emirates,2016,NE.IMP.GNFS.ZS,70.9202430070485
ARE,United Arab Emirates,2017,NE.TRD.GNFS.ZS,165.476523652994
ARE,United Arab Emirates,2017,NY.GDP.MKTP.CD,403365056078.846
ARE,United Arab Emirates,2017,NE.EXP.GNFS.ZS,94.737385589121
ARE,United Arab Emirates,2017,NE.IMP.GNFS.ZS,70.7391380638734
ARE,United Arab Emirates,2018,NE.TRD.GNFS.ZS,154.747042166299
ARE,United Arab Emirates,2018,NY.GDP.MKTP.CD,440560003161.236
ARE,United Arab Emirates,2018,NE.EXP.GNFS.ZS,90.8429799324319
ARE,United Arab Emirates,2018,NE.IMP.GNFS.ZS,63.9040622338676
ARE,United Arab Emirates,2019,NE.TRD.GNFS.ZS,163.822149025614
ARE,United Arab Emirates,2019,NY.GDP.MKTP.CD,433926218686.108
ARE,United Arab Emirates,2019,NE.EXP.GNFS.ZS,93.3023068879995
ARE,United Arab Emirates,2019,NE.IMP.GNFS.ZS,70.5198421376147
ARE,United Arab Emirates,2020,NE.TRD.GNFS.ZS,181.291940227998
ARE,United Arab Emirates,2020,NY.GDP.MKTP.CD,357161776271.328
ARE,United Arab Emirates,2020,NE.EXP.GNFS.ZS,98.0724956970145
ARE,United Arab Emirates,2020,NE.IMP.GNFS.ZS,83.2194445309836
ARE,United Arab Emirates,2021,NE.TRD.GNFS.ZS,182.909401076776
ARE,United Arab Emirates,2021,NY.GDP.MKTP.CD,422441282436.237
ARE,United Arab Emirates,2021,NE.EXP.GNFS.ZS,100.642599583908
ARE,United Arab Emirates,2021,NE.IMP.GNFS.ZS,82.2668014928681
ARE,United Arab Emirates,2022,NE.TRD.GNFS.ZS,185.741660631894
ARE,United Arab Emirates,2022,NY.GDP.MKTP.CD,511403404642.173
ARE,United Arab Emirates,2022,NE.EXP.GNFS.ZS,102.051988781325
ARE,United Arab Emirates,2022,NE.IMP.GNFS.ZS,83.689671850569
ARE,United Arab Emirates,2023,NE.TRD.GNFS.ZS,199.044950127107
ARE,United Arab Emirates,2023,NY.GDP.MKTP.CD,522622268401.125
ARE,United Arab Emirates,2023,NE.EXP.GNFS.ZS,106.846123390953
ARE,United Arab Emirates,2023,NE.IMP.GNFS.ZS,92.1988267361531
ARE,United Arab Emirates,2024,NY.GDP.MKTP.CD,552324919095.872
GBR,United Kingdom,1995,NE.TRD.GNFS.ZS,50.8300766971451
GBR,United Kingdom,1995,NY.GDP.MKTP.CD,1349094208616.06
GBR,United Kingdom,1995,NE.EXP.GNFS.ZS,25.6967602854533
GBR,United Kingdom,1995,NE.IMP.GNFS.ZS,25.1333164116918
GBR,United Kingdom,1996,NE.TRD.GNFS.ZS,52.0576088895797
GBR,United Kingdom,1996,NY.GDP.MKTP.CD,1425287051482.06
GBR,United Kingdom,1996,NE.EXP.GNFS.ZS,26.2671449164796
GBR,United Kingdom,1996,NE.IMP.GNFS.ZS,25.7904639731001
GBR,United Kingdom,1997,NE.TRD.GNFS.ZS,50.7045618383811
GBR,United Kingdom,1997,NY.GDP.MKTP.CD,1569317288801.57
GBR,United Kingdom,1997,NE.EXP.GNFS.ZS,25.6189888987303
GBR,United Kingdom,1997,NE.IMP.GNFS.ZS,25.0855729396509
GBR,United Kingdom,1998,NE.TRD.GNFS.ZS,49.1409088914683
GBR,United Kingdom,1998,NY.GDP.MKTP.CD,1660821464060.95
GBR,United Kingdom,1998,NE.EXP.GNFS.ZS,24.3214027865864
GBR,United Kingdom,1998,NE.IMP.GNFS.ZS,24.8195061048819
GBR,United Kingdom,1999,NE.TRD.GNFS.ZS,49.4683905163429
GBR,United Kingdom,1999,NY.GDP.MKTP.CD,1693458987218.9
GBR,United Kingdom,1999,NE.EXP.GNFS.ZS,24.2105152537386
GBR,United Kingdom,1999,NE.IMP.GNFS.ZS,25.2578752626043
GBR,United Kingdom,2000,NE.TRD.GNFS.ZS,52.3380212335903
GBR,United Kingdom,2000,NY.GDP.MKTP.CD,1671597821152.97
GBR,United Kingdom,2000,NE.EXP.GNFS.ZS,25.5563430576261
GBR,United Kingdom,2000,NE.IMP.GNFS.ZS,26.7816781759642
GBR,United Kingdom,2001,NE.TRD.GNFS.ZS,52.6342367336438
GBR,United Kingdom,2001,NY.GDP.MKTP.CD,1656171009068.66
GBR,United Kingdom,2001,NE.EXP.GNFS.ZS,25.4493099773846
GBR,United Kingdom,2001,NE.IMP.GNFS.ZS,27.1849267562592
GBR,United Kingdom,2002,NE.TRD.GNFS.ZS,51.2361820991323
GBR,United Kingdom,2002,NY.GDP.MKTP.CD,1790536570743.41
GBR,United Kingdom,2002,NE.EXP.GNFS.ZS,24.4315052325124
GBR,United Kingdom,2002,NE.IMP.GNFS.ZS,26.8046768666199
GBR,United Kingdom,2003,NE.TRD.GNFS.ZS,50.0681187039704
GBR,United Kingdom,2003,NY.GDP.MKTP.CD,2061227755102.04
GBR,United Kingdom,2003,NE.EXP.GNFS.ZS,23.9686749011091
GBR,United Kingdom,2003,NE.IMP.GNFS.ZS,26.0994438028613
GBR,United Kingdom,2004,NE.TRD.GNFS.ZS,50.2885521756133
GBR,United Kingdom,2004,NY.GDP.MKTP.CD,2429774807762.72
GBR,United Kingdom,2004,NE.EXP.GNFS.ZS,23.9845291728171
GBR,United Kingdom,2004,NE.IMP.GNFS.ZS,26.3040230027962
GBR,United Kingdom,2005,NE.TRD.GNFS.ZS,52.5442740383211
GBR,United Kingdom,2005,NY.GDP.MKTP.CD,2551361818181.82
GBR,United Kingdom,2005,NE.EXP.GNFS.ZS,25.2070017509366
GBR,United Kingdom,2005,NE.IMP.GNFS.ZS,27.3372722873845
GBR,United Kingdom,2006,NE.TRD.GNFS.ZS,56.7047791729812
GBR,United Kingdom,2006,NY.GDP.MKTP.CD,2719558417663.29
GBR,United Kingdom,2006,NE.EXP.GNFS.ZS,27.412859926391
GBR,United Kingdom,2006,NE.IMP.GNFS.ZS,29.2919192465902
GBR,United Kingdom,2007,NE.TRD.GNFS.ZS,52.7493524964733
GBR,United Kingdom,2007,NY.GDP.MKTP.CD,3104699879951.98
GBR,United Kingdom,2007,NE.EXP.GNFS.ZS,25.4079803883281
GBR,United Kingdom,2007,NE.IMP.GNFS.ZS,27.3413721081452
GBR,United Kingdom,2008,NE.TRD.GNFS.ZS,56.4365501052604
GBR,United Kingdom,2008,NY.GDP.MKTP.CD,2945251838235.29
GBR,United Kingdom,2008,NE.EXP.GNFS.ZS,27.3794373670982
GBR,United Kingdom,2008,NE.IMP.GNFS.ZS,29.0571127381622
GBR,United Kingdom,2009,NE.TRD.GNFS.ZS,54.6537301085991
GBR,United Kingdom,2009,NY.GDP.MKTP.CD,2429358155475.93
GBR,United Kingdom,2009,NE.EXP.GNFS.ZS,26.7073659504747
GBR,United Kingdom,2009,NE.IMP.GNFS.ZS,27.9463641581244
GBR,United Kingdom,2010,NE.TRD.GNFS.ZS,59.0511802227821
GBR,United Kingdom,2010,NY.GDP.MKTP.CD,2496740681057.14
GBR,United Kingdom,2010,NE.EXP.GNFS.ZS,28.7463664387355
GBR,United Kingdom,2010,NE.IMP.GNFS.ZS,30.3048137840466
GBR,United Kingdom,2011,NE.TRD.GNFS.ZS,63.3240615708901
GBR,United Kingdom,2011,NY.GDP.MKTP.CD,2675590034128.66
GBR,United Kingdom,2011,NE.EXP.GNFS.ZS,31.2649218986254
GBR,United Kingdom,2011,NE.IMP.GNFS.ZS,32.0591396722646
GBR,United Kingdom,2012,NE.TRD.GNFS.ZS,61.9688704472535
GBR,United Kingdom,2012,NY.GDP.MKTP.CD,2719715961539.83
GBR,United Kingdom,2012,NE.EXP.GNFS.ZS,30.4995388300455
GBR,United Kingdom,2012,NE.IMP.GNFS.ZS,31.469331617208
GBR,United Kingdom,2013,NE.TRD.GNFS.ZS,61.7195395154583
GBR,United Kingdom,2013,NY.GDP.MKTP.CD,2796908333283.39
GBR,United Kingdom,2013,NE.EXP.GNFS.ZS,30.2076160154538
GBR,United Kingdom,2013,NE.IMP.GNFS.ZS,31.5119235000045
GBR,United Kingdom,2014,NE.TRD.GNFS.ZS,58.8210228333296
GBR,United Kingdom,2014,NY.GDP.MKTP.CD,3085362169410.29
GBR,United Kingdom,2014,NE.EXP.GNFS.ZS,28.5320090066163
GBR,United Kingdom,2014,NE.IMP.GNFS.ZS,30.2890138267133
GBR,United Kingdom,2015,NE.TRD.GNFS.ZS,57.125044605439
GBR,United Kingdom,2015,NY.GDP.MKTP.CD,2945579890258.46
GBR,United Kingdom,2015,NE.EXP.GNFS.ZS,27.8790736176463
GBR,United Kingdom,2015,NE.IMP.GNFS.ZS,29.2459709877926
GBR,United Kingdom,2016,NE.TRD.GNFS.ZS,59.8395315138259
GBR,United Kingdom,2016,NY.GDP.MKTP.CD,2706807606538.73
GBR,United Kingdom,2016,NE.EXP.GNFS.ZS,29.0615561502528
GBR,United Kingdom,2016,NE.IMP.GNFS.ZS,30.7779753635731
GBR,United Kingdom,2017,NE.TRD.GNFS.ZS,63.1899245764158
GBR,United Kingdom,2017,NY.GDP.MKTP.CD,2699118387873.1
GBR,United Kingdom,2017,NE.EXP.GNFS.ZS,30.9738310965649
GBR,United Kingdom,2017,NE.IMP.GNFS.ZS,32.216093479851
GBR,United Kingdom,2018,NE.TRD.GNFS.ZS,64.9097721959201
GBR,United Kingdom,2018,NY.GDP.MKTP.CD,2897028009916.05
GBR,United Kingdom,2018,NE.EXP.GNFS.ZS,31.854534000688
GBR,United Kingdom,2018,NE.IMP.GNFS.ZS,33.0552381952321
GBR,United Kingdom,2019,NE.TRD.GNFS.ZS,65.0035664177054
GBR,United Kingdom,2019,NY.GDP.MKTP.CD,2875710080015.3
GBR,United Kingdom,2019,NE.EXP.GNFS.ZS,31.9028602803155
GBR,United Kingdom,2019,NE.IMP.GNFS.ZS,33.1007061373899
GBR,United Kingdom,2020,NE.TRD.GNFS.ZS,59.1598893030611
GBR,United Kingdom,2020,NY.GDP.MKTP.CD,2724001478304.59
GBR,United Kingdom,2020,NE.EXP.GNFS.ZS,29.9486520576829
GBR,United Kingdom,2020,NE.IMP.GNFS.ZS,29.2112372453782
GBR,United Kingdom,2021,NE.TRD.GNFS.ZS,58.53838629291
GBR,United Kingdom,2021,NY.GDP.MKTP.CD,3194559188925.93
GBR,United Kingdom,2021,NE.EXP.GNFS.ZS,29.2894071087705
GBR,United Kingdom,2021,NE.IMP.GNFS.ZS,29.2489791841395
GBR,United Kingdom,2022,NE.TRD.GNFS.ZS,69.1989264413981
GBR,United Kingdom,2022,NY.GDP.MKTP.CD,3181244350465.41
GBR,United Kingdom,2022,NE.EXP.GNFS.ZS,34.0619283837069
GBR,United Kingdom,2022,NE.IMP.GNFS.ZS,35.1369980576912
GBR,United Kingdom,2023,NE.TRD.GNFS.ZS,64.9923841747803
GBR,United Kingdom,2023,NY.GDP.MKTP.CD,3420796653789.08
GBR,United Kingdom,2023,NE.EXP.GNFS.ZS,31.9122697629938
GBR,United Kingdom,2023,NE.IMP.GNFS.ZS,33.0801144117865
GBR,United Kingdom,2024,NE.TRD.GNFS.ZS,62.839052044584
GBR,United Kingdom,2024,NY.GDP.MKTP.CD,3695539513534.15
GBR,United Kingdom,2024,NE.EXP.GNFS.ZS,31.0561435739375
GBR,United Kingdom,2024,NE.IMP.GNFS.ZS,31.7829084706465
GBR,United Kingdom,2025,NE.TRD.GNFS.ZS,62.4573294634195
GBR,United Kingdom,2025,NY.GDP.MKTP.CD,4002587541846.01
GBR,United Kingdom,2025,NE.EXP.GNFS.ZS,30.5969582161816
GBR,United Kingdom,2025,NE.IMP.GNFS.ZS,31.8603712472379
USA,United States,1995,NE.TRD.GNFS.ZS,22.4533816490568
USA,United States,1995,NY.GDP.MKTP.CD,7639749000000
USA,United States,1995,NE.EXP.GNFS.ZS,10.639223880261
USA,United States,1995,NE.IMP.GNFS.ZS,11.8141577687958
USA,United States,1996,NE.TRD.GNFS.ZS,22.6870719902412
USA,United States,1996,NY.GDP.MKTP.CD,8073122000000
USA,United States,1996,NE.EXP.GNFS.ZS,10.7466355642836
USA,United States,1996,NE.IMP.GNFS.ZS,11.9404364259576
USA,United States,1997,NE.TRD.GNFS.ZS,23.4283278026178
USA,United States,1997,NY.GDP.MKTP.CD,8577552000000
USA,United States,1997,NE.EXP.GNFS.ZS,11.1197577117574
USA,United States,1997,NE.IMP.GNFS.ZS,12.3085700908604
USA,United States,1998,NE.TRD.GNFS.ZS,22.8258939797637
USA,United States,1998,NY.GDP.MKTP.CD,9062817000000
USA,United States,1998,NE.EXP.GNFS.ZS,10.5152625281963
USA,United States,1998,NE.IMP.GNFS.ZS,12.3106314515674
USA,United States,1999,NE.TRD.GNFS.ZS,23.3135697296238
USA,United States,1999,NY.GDP.MKTP.CD,9631172000000
USA,United States,1999,NE.EXP.GNFS.ZS,10.3093372229257
USA,United States,1999,NE.IMP.GNFS.ZS,13.004232506698
USA,United States,2000,NE.TRD.GNFS.ZS,25.1029855568536
USA,United States,2000,NY.GDP.MKTP.CD,10250952000000
USA,United States,2000,NE.EXP.GNFS.ZS,10.6927727297913
USA,United States,2000,NE.IMP.GNFS.ZS,14.410212827062299
USA,United States,2001,NE.TRD.GNFS.ZS,22.9671830154975
USA,United States,2001,NY.GDP.MKTP.CD,10581929000000
USA,United States,2001,NE.EXP.GNFS.ZS,9.70344820873397
USA,United States,2001,NE.IMP.GNFS.ZS,13.2637348067635
USA,United States,2002,NE.TRD.GNFS.ZS,22.2863842136065
USA,United States,2002,NY.GDP.MKTP.CD,10929108000000
USA,United States,2002,NE.EXP.GNFS.ZS,9.13138565379718
USA,United States,2002,NE.IMP.GNFS.ZS,13.1549985598093
USA,United States,2003,NE.TRD.GNFS.ZS,22.6272972866813
USA,United States,2003,NY.GDP.MKTP.CD,11456450000000
USA,United States,2003,NE.EXP.GNFS.ZS,9.03565240541354
USA,United States,2003,NE.IMP.GNFS.ZS,13.5916448812678
USA,United States,2004,NE.TRD.GNFS.ZS,24.4480566571904
USA,United States,2004,NY.GDP.MKTP.CD,12217196000000
USA,United States,2004,NE.EXP.GNFS.ZS,9.62874787307988
USA,United States,2004,NE.IMP.GNFS.ZS,14.8193087841105
USA,United States,2005,NE.TRD.GNFS.ZS,25.6385573436769
USA,United States,2005,NY.GDP.MKTP.CD,13039197000000
USA,United States,2005,NE.EXP.GNFS.ZS,9.98205641037558
USA,United States,2005,NE.IMP.GNFS.ZS,15.6565009333013
USA,United States,2006,NE.TRD.GNFS.ZS,26.9752858058903
USA,United States,2006,NY.GDP.MKTP.CD,13815583000000
USA,United States,2006,NE.EXP.GNFS.ZS,10.641389509223
USA,United States,2006,NE.IMP.GNFS.ZS,16.3338962966673
USA,United States,2007,NE.TRD.GNFS.ZS,28.0120155631098
USA,United States,2007,NY.GDP.MKTP.CD,14474228000000
USA,United States,2007,NE.EXP.GNFS.ZS,11.4637892950146
USA,United States,2007,NE.IMP.GNFS.ZS,16.5482262680953
USA,United States,2008,NE.TRD.GNFS.ZS,29.8677875257061
USA,United States,2008,NY.GDP.MKTP.CD,14769862000000
USA,United States,2008,NE.EXP.GNFS.ZS,12.4258439246081
USA,United States,2008,NE.IMP.GNFS.ZS,17.441943601098
USA,United States,2009,NE.TRD.GNFS.ZS,24.759527635837
USA,United States,2009,NY.GDP.MKTP.CD,14478067000000
USA,United States,2009,NE.EXP.GNFS.ZS,10.9322190593537
USA,United States,2009,NE.IMP.GNFS.ZS,13.8273085764833
USA,United States,2010,NE.TRD.GNFS.ZS,28.2198829408336
USA,United States,2010,NY.GDP.MKTP.CD,15048971000000
USA,United States,2010,NE.EXP.GNFS.ZS,12.3413554322086
USA,United States,2010,NE.IMP.GNFS.ZS,15.878527508625
USA,United States,2011,NE.TRD.GNFS.ZS,30.842478575914
USA,United States,2011,NY.GDP.MKTP.CD,15599732000000
USA,United States,2011,NE.EXP.GNFS.ZS,13.5634637825829
USA,United States,2011,NE.IMP.GNFS.ZS,17.2790147933311
USA,United States,2012,NE.TRD.GNFS.ZS,30.681839575193
USA,United States,2012,NY.GDP.MKTP.CD,16253970000000
USA,United States,2012,NE.EXP.GNFS.ZS,13.6440512687054
USA,United States,2012,NE.IMP.GNFS.ZS,17.0377883064876
USA,United States,2013,NE.TRD.GNFS.ZS,29.9413062848227
USA,United States,2013,NY.GDP.MKTP.CD,16880683000000
USA,United States,2013,NE.EXP.GNFS.ZS,13.5534918818154
USA,United States,2013,NE.IMP.GNFS.ZS,16.3878144030073
USA,United States,2014,NE.TRD.GNFS.ZS,29.906569337428
USA,United States,2014,NY.GDP.MKTP.CD,17608138000000
USA,United States,2014,NE.EXP.GNFS.ZS,13.5082142132235
USA,United States,2014,NE.IMP.GNFS.ZS,16.3983551242045
USA,United States,2015,NE.TRD.GNFS.ZS,27.6882139340768
USA,United States,2015,NY.GDP.MKTP.CD,18295019000000
USA,United States,2015,NE.EXP.GNFS.ZS,12.4111486301271
USA,United States,2015,NE.IMP.GNFS.ZS,15.2770653039497
USA,United States,2016,NE.TRD.GNFS.ZS,26.4525977865465
USA,United States,2016,NY.GDP.MKTP.CD,18804913000000
USA,United States,2016,NE.EXP.GNFS.ZS,11.8881592273253
USA,United States,2016,NE.IMP.GNFS.ZS,14.5644385592212
USA,United States,2017,NE.TRD.GNFS.ZS,27.1253382222874
USA,United States,2017,NY.GDP.MKTP.CD,19612102000000
USA,United States,2017,NE.EXP.GNFS.ZS,12.177481026766
USA,United States,2017,NE.IMP.GNFS.ZS,14.9478571955214
USA,United States,2018,NE.TRD.GNFS.ZS,27.4453591302618
USA,United States,2018,NY.GDP.MKTP.CD,20656516000000
USA,United States,2018,NE.EXP.GNFS.ZS,12.2871107596266
USA,United States,2018,NE.IMP.GNFS.ZS,15.1582483706352
USA,United States,2019,NE.TRD.GNFS.ZS,26.2584806245428
USA,United States,2019,NY.GDP.MKTP.CD,21539982000000
USA,United States,2019,NE.EXP.GNFS.ZS,11.7891974097286
USA,United States,2019,NE.IMP.GNFS.ZS,14.4692832148142
USA,United States,2020,NE.TRD.GNFS.ZS,23.1399437509149
USA,United States,2020,NY.GDP.MKTP.CD,21375281000000
USA,United States,2020,NE.EXP.GNFS.ZS,10.1230809550527
USA,United States,2020,NE.IMP.GNFS.ZS,13.0168627958622
USA,United States,2021,NE.TRD.GNFS.ZS,25.2327260228331
USA,United States,2021,NY.GDP.MKTP.CD,23725645000000
USA,United States,2021,NE.EXP.GNFS.ZS,10.8266687797107
USA,United States,2021,NE.IMP.GNFS.ZS,14.4060572431224
USA,United States,2022,NE.TRD.GNFS.ZS,26.9078981557739
USA,United States,2022,NY.GDP.MKTP.CD,26054614000000
USA,United States,2022,NE.EXP.GNFS.ZS,11.6540970440015
USA,United States,2022,NE.IMP.GNFS.ZS,15.2538011117724
USA,United States,2023,NE.TRD.GNFS.ZS,24.9292981752847
USA,United States,2023,NY.GDP.MKTP.CD,27811517000000
USA,United States,2023,NE.EXP.GNFS.ZS,11.0506737190927
USA,United States,2023,NE.IMP.GNFS.ZS,13.878624456192
USA,United States,2024,NE.TRD.GNFS.ZS,25.0160172978284
USA,United States,2024,NY.GDP.MKTP.CD,29298013000000
USA,United States,2024,NE.EXP.GNFS.ZS,10.97469647515
USA,United States,2024,NE.IMP.GNFS.ZS,14.0413208226783
USA,United States,2025,NY.GDP.MKTP.CD,30769700000000
WLD,World,1995,NE.TRD.GNFS.ZS,42.7420556467555
WLD,World,1995,NY.GDP.MKTP.CD,31338014339198.1
WLD,World,1995,NE.EXP.GNFS.ZS,20.6096414281902
WLD,World,1995,NE.IMP.GNFS.ZS,20.1395492356702
WLD,World,1996,NE.TRD.GNFS.ZS,42.8247378157967
WLD,World,1996,NY.GDP.MKTP.CD,32064860700885.1
WLD,World,1996,NE.EXP.GNFS.ZS,21.0365144458652
WLD,World,1996,NE.IMP.GNFS.ZS,20.6380441331097
WLD,World,1997,NE.TRD.GNFS.ZS,44.6336899573458
WLD,World,1997,NY.GDP.MKTP.CD,31954804098164.9
WLD,World,1997,NE.EXP.GNFS.ZS,21.9085788170365
WLD,World,1997,NE.IMP.GNFS.ZS,21.3703145983822
WLD,World,1998,NE.TRD.GNFS.ZS,45.2911120289212
WLD,World,1998,NY.GDP.MKTP.CD,31780795899557.2
WLD,World,1998,NE.EXP.GNFS.ZS,21.7897412735951
WLD,World,1998,NE.IMP.GNFS.ZS,21.3508360529575
WLD,World,1999,NE.TRD.GNFS.ZS,45.7602465354156
WLD,World,1999,NY.GDP.MKTP.CD,32829035976968.2
WLD,World,1999,NE.EXP.GNFS.ZS,21.8705146365869
WLD,World,1999,NE.IMP.GNFS.ZS,21.6005055848625
WLD,World,2000,NE.TRD.GNFS.ZS,50.1204338130989
WLD,World,2000,NY.GDP.MKTP.CD,33965806441911.9
WLD,World,2000,NE.EXP.GNFS.ZS,23.4155367138943
WLD,World,2000,NE.IMP.GNFS.ZS,23.3851585493873
WLD,World,2001,NE.TRD.GNFS.ZS,49.0109769807307
WLD,World,2001,NY.GDP.MKTP.CD,33747838963540
WLD,World,2001,NE.EXP.GNFS.ZS,22.8422016983207
WLD,World,2001,NE.IMP.GNFS.ZS,22.8793819760617
WLD,World,2002,NE.TRD.GNFS.ZS,49.0031601235854
WLD,World,2002,NY.GDP.MKTP.CD,35048255697763.3
WLD,World,2002,NE.EXP.GNFS.ZS,23.0931189850775
WLD,World,2002,NE.IMP.GNFS.ZS,22.9206836027725
WLD,World,2003,NE.TRD.GNFS.ZS,50.6553978296548
WLD,World,2003,NY.GDP.MKTP.CD,39288473726074.5
WLD,World,2003,NE.EXP.GNFS.ZS,23.8581850782253
WLD,World,2003,NE.IMP.GNFS.ZS,23.7011544495897
WLD,World,2004,NE.TRD.GNFS.ZS,54.194646796519
WLD,World,2004,NY.GDP.MKTP.CD,44264898214305.3
WLD,World,2004,NE.EXP.GNFS.ZS,25.711382828929
WLD,World,2004,NE.IMP.GNFS.ZS,25.4828470017015
WLD,World,2005,NE.TRD.GNFS.ZS,56.2196248891194
WLD,World,2005,NY.GDP.MKTP.CD,47938461749088.8
WLD,World,2005,NE.EXP.GNFS.ZS,26.9657520821338
WLD,World,2005,NE.IMP.GNFS.ZS,26.6706252702095
WLD,World,2006,NE.TRD.GNFS.ZS,58.3626190327813
WLD,World,2006,NY.GDP.MKTP.CD,51965655998564.4
WLD,World,2006,NE.EXP.GNFS.ZS,28.6085879852901
WLD,World,2006,NE.IMP.GNFS.ZS,28.1123836913082
WLD,World,2007,NE.TRD.GNFS.ZS,58.7423508494896
WLD,World,2007,NY.GDP.MKTP.CD,58574302755950.8
WLD,World,2007,NE.EXP.GNFS.ZS,29.5557805539087
WLD,World,2007,NE.IMP.GNFS.ZS,28.8870184592409
WLD,World,2008,NE.TRD.GNFS.ZS,60.3226348636262
WLD,World,2008,NY.GDP.MKTP.CD,64378551514749.4
WLD,World,2008,NE.EXP.GNFS.ZS,30.6928407075336
WLD,World,2008,NE.IMP.GNFS.ZS,30.144498750845
WLD,World,2009,NE.TRD.GNFS.ZS,51.8943285617121
WLD,World,2009,NY.GDP.MKTP.CD,61049315651690.3
WLD,World,2009,NE.EXP.GNFS.ZS,26.1681408236416
WLD,World,2009,NE.IMP.GNFS.ZS,25.5273629567982
WLD,World,2010,NE.TRD.GNFS.ZS,56.1928236203117
WLD,World,2010,NY.GDP.MKTP.CD,66893676131662.8
WLD,World,2010,NE.EXP.GNFS.ZS,28.4066725343369
WLD,World,2010,NE.IMP.GNFS.ZS,27.6289901195249
WLD,World,2011,NE.TRD.GNFS.ZS,59.3107109256613
WLD,World,2011,NY.GDP.MKTP.CD,74388644404622.5
WLD,World,2011,NE.EXP.GNFS.ZS,30.2511364050789
WLD,World,2011,NE.IMP.GNFS.ZS,29.4125680435201
WLD,World,2012,NE.TRD.GNFS.ZS,59.2953615574382
WLD,World,2012,NY.GDP.MKTP.CD,76055253368044.6
WLD,World,2012,NE.EXP.GNFS.ZS,30.021947362552
WLD,World,2012,NE.IMP.GNFS.ZS,29.1136705617962
WLD,World,2013,NE.TRD.GNFS.ZS,58.6308037331573
WLD,World,2013,NY.GDP.MKTP.CD,78171001460419
WLD,World,2013,NE.EXP.GNFS.ZS,30.0216702644806
WLD,World,2013,NE.IMP.GNFS.ZS,29.0721813449547
WLD,World,2014,NE.TRD.GNFS.ZS,58.0267788162164
WLD,World,2014,NY.GDP.MKTP.CD,80243543597078.9
WLD,World,2014,NE.EXP.GNFS.ZS,29.7347843037895
WLD,World,2014,NE.IMP.GNFS.ZS,28.8565789808927
WLD,World,2015,NE.TRD.GNFS.ZS,55.6181865121386
WLD,World,2015,NY.GDP.MKTP.CD,75839351828606.2
WLD,World,2015,NE.EXP.GNFS.ZS,28.0495689042811
WLD,World,2015,NE.IMP.GNFS.ZS,27.2961891347011
WLD,World,2016,NE.TRD.GNFS.ZS,53.7908953963337
WLD,World,2016,NY.GDP.MKTP.CD,77084966373474
WLD,World,2016,NE.EXP.GNFS.ZS,27.0845087597038
WLD,World,2016,NE.IMP.GNFS.ZS,26.3476668746597
WLD,World,2017,NE.TRD.GNFS.ZS,55.4551756398449
WLD,World,2017,NY.GDP.MKTP.CD,82110104984460
WLD,World,2017,NE.EXP.GNFS.ZS,28.0049092375751
WLD,World,2017,NE.IMP.GNFS.ZS,27.2581939316021
WLD,World,2018,NE.TRD.GNFS.ZS,56.989700265917
WLD,World,2018,NY.GDP.MKTP.CD,87310840056717.8
WLD,World,2018,NE.EXP.GNFS.ZS,28.8775959880909
WLD,World,2018,NE.IMP.GNFS.ZS,28.2036793090721
WLD,World,2019,NE.TRD.GNFS.ZS,55.8007220789098
WLD,World,2019,NY.GDP.MKTP.CD,88796498078977.7
WLD,World,2019,NE.EXP.GNFS.ZS,27.9427827143405
WLD,World,2019,NE.IMP.GNFS.ZS,27.3994278292694
WLD,World,2020,NE.TRD.GNFS.ZS,51.8676146705359
WLD,World,2020,NY.GDP.MKTP.CD,86388502867289.2
WLD,World,2020,NE.EXP.GNFS.ZS,26.0288825961024
WLD,World,2020,NE.IMP.GNFS.ZS,25.3807387283601
WLD,World,2021,NE.TRD.GNFS.ZS,56.498994335193
WLD,World,2021,NY.GDP.MKTP.CD,98780038374127
WLD,World,2021,NE.EXP.GNFS.ZS,28.4640230985895
WLD,World,2021,NE.IMP.GNFS.ZS,27.5322845788393
WLD,World,2022,NE.TRD.GNFS.ZS,62.1470721214396
WLD,World,2022,NY.GDP.MKTP.CD,102862471365575
WLD,World,2022,NE.EXP.GNFS.ZS,30.7214011310868
WLD,World,2022,NE.IMP.GNFS.ZS,29.950740966666
WLD,World,2023,NE.TRD.GNFS.ZS,58.0658951471515
WLD,World,2023,NY.GDP.MKTP.CD,107348614073350
WLD,World,2023,NE.EXP.GNFS.ZS,29.0719076019522
WLD,World,2023,NE.IMP.GNFS.ZS,28.2980465563442
WLD,World,2024,NE.TRD.GNFS.ZS,56.7228465365692
WLD,World,2024,NY.GDP.MKTP.CD,111669432109121
WLD,World,2024,NE.EXP.GNFS.ZS,29.0778030379811
WLD,World,2024,NE.IMP.GNFS.ZS,28.1121512588265
WLD,World,2025,NE.TRD.GNFS.ZS,68.4920790757033
WLD,World,2025,NY.GDP.MKTP.CD,118350166039396
WLD,World,2025,NE.EXP.GNFS.ZS,29.4807508820934
WLD,World,2025,NE.IMP.GNFS.ZS,28.4991941096843
